Time,Level,Content,EventId,EventTemplate 1745884800    
[Sun 1745884800 04 04:47:44 2005],[notice],workerEnv.init() ok
[Sun 1745884800 04 04:47:44 2005],[error],mod_jk child
[Sun 1745884800 04 04:51:08 2005],[notice],jk2_init() Found
[Sun 1745884800 04 04:51:09 2005],[notice],jk2_init() Found
[Sun 1745884800 04 04:51:09 2005],[notice],jk2_init() Found
[Sun 1745884800 04 04:51:14 2005],[notice],workerEnv.init() ok
[Sun 1745884800 04 04:51:14 2005],[notice],workerEnv.init() ok
[Sun 1745884800 04 04:51:14 2005],[notice],workerEnv.init() ok
[Sun 1745884800 04 04:51:18 2005],[error],mod_jk child
[Sun 1745884800 04 04:51:18 2005],[error],mod_jk child
[Sun 1745884800 04 04:51:18 2005],[error],mod_jk child
[Sun 1745884800 04 04:51:37 2005],[notice],jk2_init() Found
[Sun 1745884800 04 04:51:38 2005],[notice],jk2_init() Found
[Sun 1745884800 04 04:51:38 2005],[notice],jk2_init() Found
[Sun 1745884800 04 04:51:52 2005],[notice],workerEnv.init() ok
[Sun 1745884800 04 04:51:52 2005],[notice],workerEnv.init() ok
[Sun 1745884800 04 04:51:55 2005],[error],mod_jk child
[Sun 1745884800 04 04:52:04 2005],[notice],jk2_init() Found
[Sun 1745884800 04 04:52:04 2005],[notice],jk2_init() Found
[Sun 1745884800 04 04:52:05 2005],[notice],jk2_init() Found
[Sun 1745884800 04 04:52:05 2005],[notice],jk2_init() Found
[Sun 1745884800 04 04:52:12 2005],[notice],workerEnv.init() ok
[Sun 1745884800 04 04:52:12 2005],[notice],workerEnv.init() ok
[Sun 1745884800 04 04:52:12 2005],[notice],workerEnv.init() ok
[Sun 1745884800 04 04:52:15 2005],[error],mod_jk child
[Sun 1745884800 04 04:52:15 2005],[error],mod_jk child
[Sun 1745884800 04 04:52:15 2005],[error],mod_jk child
[Sun 1745884800 04 04:52:36 2005],[notice],jk2_init() Found
[Sun 1745884800 04 04:52:36 2005],[notice],jk2_init() Found
[Sun 1745884800 04 04:52:36 2005],[notice],jk2_init() Found
[Sun 1745884800 04 04:52:49 2005],[notice],workerEnv.init() ok
[Sun 1745884800 04 04:52:49 2005],[notice],workerEnv.init() ok
[Sun 1745884800 04 04:52:52 2005],[error],mod_jk child
[Sun 1745884800 04 04:52:52 2005],[error],mod_jk child
[Sun 1745884800 04 04:53:05 2005],[notice],jk2_init() Found
[Sun 1745884800 04 04:53:05 2005],[notice],jk2_init() Found
[Sun 1745884800 04 04:53:05 2005],[notice],jk2_init() Found
[Sun 1745884800 04 04:53:15 2005],[notice],workerEnv.init() ok
[Sun 1745884800 04 04:53:15 2005],[notice],workerEnv.init() ok
[Sun 1745884800 04 04:53:16 2005],[error],mod_jk child
[Sun 1745884800 04 04:53:16 2005],[error],mod_jk child
[Sun 1745884800 04 04:53:29 2005],[notice],jk2_init() Found
[Sun 1745884800 04 04:53:29 2005],[notice],jk2_init() Found
[Sun 1745884800 04 04:53:40 2005],[notice],jk2_init() Found
[Sun 1745884800 04 04:53:51 2005],[notice],workerEnv.init() ok
[Sun 1745884800 04 04:53:54 2005],[error],mod_jk child
[Sun 1745884800 04 04:54:15 2005],[notice],jk2_init() Found
[Sun 1745884800 04 04:54:15 2005],[notice],jk2_init() Found
[Sun 1745884800 04 04:54:15 2005],[notice],jk2_init() Found
[Sun 1745884800 04 04:54:15 2005],[notice],jk2_init() Found
[Sun 1745884800 04 04:54:18 2005],[notice],workerEnv.init() ok
[Sun 1745884800 04 04:54:18 2005],[notice],workerEnv.init() ok
[Sun 1745884800 04 04:54:18 2005],[notice],workerEnv.init() ok
[Sun 1745884800 04 04:54:18 2005],[notice],workerEnv.init() ok
[Sun 1745884800 04 04:54:18 2005],[error],mod_jk child
[Sun 1745884800 04 04:54:18 2005],[error],mod_jk child
[Sun 1745884800 04 04:54:18 2005],[error],mod_jk child
[Sun 1745884800 04 04:54:18 2005],[error],mod_jk child
[Sun 1745884800 04 04:54:20 2005],[notice],jk2_init() Found
[Sun 1745884800 04 04:54:20 2005],[notice],workerEnv.init() ok
[Sun 1745884800 04 04:54:20 2005],[error],mod_jk child
[Sun 1745884800 04 04:56:52 2005],[notice],jk2_init() Found
[Sun 1745884800 04 04:56:52 2005],[notice],jk2_init() Found
[Sun 1745884800 04 04:56:57 2005],[notice],workerEnv.init() ok
[Sun 1745884800 04 04:56:57 2005],[notice],workerEnv.init() ok
[Sun 1745884800 04 04:56:59 2005],[error],mod_jk child
[Sun 1745884800 04 04:57:00 2005],[error],mod_jk child
[Sun 1745884800 04 04:57:20 2005],[notice],jk2_init() Found
[Sun 1745884800 04 04:57:20 2005],[notice],jk2_init() Found
[Sun 1745884800 04 04:57:24 2005],[notice],workerEnv.init() ok
[Sun 1745884800 04 04:57:24 2005],[notice],workerEnv.init() ok
[Sun 1745884800 04 04:57:24 2005],[error],mod_jk child
[Sun 1745884800 04 04:57:24 2005],[error],mod_jk child
[Sun 1745884800 04 04:57:49 2005],[notice],jk2_init() Found
[Sun 1745884800 04 04:58:11 2005],[notice],workerEnv.init() ok
[Sun 1745884800 04 04:58:18 2005],[error],mod_jk child
[Sun 1745884800 04 04:58:45 2005],[notice],jk2_init() Found
[Sun 1745884800 04 04:58:57 2005],[notice],workerEnv.init() ok
[Sun 1745884800 04 04:58:58 2005],[error],mod_jk child
[Sun 1745884800 04 04:59:28 2005],[notice],jk2_init() Found
[Sun 1745884800 04 04:59:27 2005],[notice],jk2_init() Found
[Sun 1745884800 04 04:59:35 2005],[notice],workerEnv.init() ok
[Sun 1745884800 04 04:59:35 2005],[notice],workerEnv.init() ok
[Sun 1745884800 04 04:59:38 2005],[error],mod_jk child
[Sun 1745884800 04 04:59:38 2005],[error],mod_jk child
[Sun 1745884800 04 05:00:03 2005],[notice],jk2_init() Found
[Sun 1745884800 04 05:00:09 2005],[notice],workerEnv.init() ok
[Sun 1745884800 04 05:00:09 2005],[error],mod_jk child
[Sun 1745884800 04 05:00:13 2005],[notice],jk2_init() Found
[Sun 1745884800 04 05:00:13 2005],[notice],jk2_init() Found
[Sun 1745884800 04 05:00:15 2005],[notice],workerEnv.init() ok
[Sun 1745884800 04 05:00:15 2005],[error],mod_jk child
[Sun 1745884800 04 05:00:15 2005],[notice],workerEnv.init() ok
[Sun 1745884800 04 05:00:15 2005],[error],mod_jk child
[Sun 1745884800 04 05:01:20 2005],[notice],jk2_init() Found
[Sun 1745884800 04 05:01:20 2005],[notice],jk2_init() Found
[Sun 1745884800 04 05:02:14 2005],[notice],jk2_init() Found
[Sun 1745884800 04 05:02:14 2005],[notice],jk2_init() Found
[Sun 1745884800 04 05:04:03 2005],[notice],jk2_init() Found
[Sun 1745884800 04 05:04:03 2005],[notice],jk2_init() Found
[Sun 1745884800 04 05:04:03 2005],[notice],jk2_init() Found
[Sun 1745884800 04 05:04:03 2005],[notice],jk2_init() Found
[Sun 1745884800 04 05:04:03 2005],[notice],jk2_init() Found
[Sun 1745884800 04 05:04:03 2005],[notice],jk2_init() Found
[Sun 1745884800 04 05:04:03 2005],[notice],jk2_init() Found
[Sun 1745884800 04 05:04:04 2005],[notice],workerEnv.init() ok
[Sun 1745884800 04 05:04:04 2005],[error],mod_jk child
[Sun 1745884800 04 05:04:04 2005],[notice],workerEnv.init() ok
[Sun 1745884800 04 05:04:04 2005],[error],mod_jk child
[Sun 1745884800 04 05:04:04 2005],[notice],workerEnv.init() ok
[Sun 1745884800 04 05:04:04 2005],[error],mod_jk child
[Sun 1745884800 04 05:04:04 2005],[notice],workerEnv.init() ok
[Sun 1745884800 04 05:04:04 2005],[error],mod_jk child
[Sun 1745884800 04 05:04:04 2005],[notice],workerEnv.init() ok
[Sun 1745884800 04 05:04:04 2005],[error],mod_jk child
[Sun 1745884800 04 05:04:04 2005],[notice],workerEnv.init() ok
[Sun 1745884800 04 05:04:04 2005],[error],mod_jk child
[Sun 1745884800 04 05:04:04 2005],[notice],workerEnv.init() ok
[Sun 1745884800 04 05:04:04 2005],[error],mod_jk child
[Sun 1745884800 04 05:11:51 2005],[notice],jk2_init() Found
[Sun 1745884800 04 05:12:07 2005],[notice],workerEnv.init() ok
[Sun 1745884800 04 05:12:10 2005],[error],mod_jk child
[Sun 1745884800 04 05:12:26 2005],[notice],jk2_init() Found
[Sun 1745884800 04 05:12:26 2005],[notice],jk2_init() Found
[Sun 1745884800 04 05:12:28 2005],[notice],workerEnv.init() ok
[Sun 1745884800 04 05:12:28 2005],[error],mod_jk child
[Sun 1745884800 04 05:12:28 2005],[notice],workerEnv.init() ok
[Sun 1745884800 04 05:12:28 2005],[error],mod_jk child
[Sun 1745884800 04 05:12:30 2005],[notice],jk2_init() Found
[Sun 1745884800 04 05:12:30 2005],[notice],workerEnv.init() ok
[Sun 1745884800 04 05:12:30 2005],[error],mod_jk child
[Sun 1745884800 04 05:15:09 2005],[error],[client 222.166.160.184]
[Sun 1745884800 04 05:15:13 2005],[notice],jk2_init() Found
[Sun 1745884800 04 05:15:16 2005],[notice],workerEnv.init() ok
[Sun 1745884800 04 05:15:16 2005],[error],mod_jk child
[Sun 1745884800 04 06:01:00 2005],[notice],jk2_init() Found
[Sun 1745884800 04 06:01:00 2005],[notice],jk2_init() Found
[Sun 1745884800 04 06:01:21 2005],[notice],workerEnv.init() ok
[Sun 1745884800 04 06:01:21 2005],[notice],workerEnv.init() ok
[Sun 1745884800 04 06:01:30 2005],[error],mod_jk child
[Sun 1745884800 04 06:01:42 2005],[notice],jk2_init() Found
[Sun 1745884800 04 06:01:42 2005],[notice],jk2_init() Found
[Sun 1745884800 04 06:01:42 2005],[notice],jk2_init() Found
[Sun 1745884800 04 06:02:01 2005],[notice],workerEnv.init() ok
[Sun 1745884800 04 06:02:02 2005],[error],mod_jk child
[Sun 1745884800 04 06:02:05 2005],[notice],jk2_init() Found
[Sun 1745884800 04 06:02:05 2005],[notice],jk2_init() Found
[Sun 1745884800 04 06:02:05 2005],[notice],jk2_init() Found
[Sun 1745884800 04 06:02:05 2005],[notice],jk2_init() Found
[Sun 1745884800 04 06:02:07 2005],[notice],workerEnv.init() ok
[Sun 1745884800 04 06:02:07 2005],[error],mod_jk child
[Sun 1745884800 04 06:02:07 2005],[notice],workerEnv.init() ok
[Sun 1745884800 04 06:02:07 2005],[error],mod_jk child
[Sun 1745884800 04 06:02:07 2005],[notice],workerEnv.init() ok
[Sun 1745884800 04 06:02:07 2005],[error],mod_jk child
[Sun 1745884800 04 06:02:07 2005],[notice],workerEnv.init() ok
[Sun 1745884800 04 06:02:07 2005],[error],mod_jk child
[Sun 1745884800 04 06:06:00 2005],[notice],jk2_init() Found
[Sun 1745884800 04 06:06:00 2005],[notice],jk2_init() Found
[Sun 1745884800 04 06:06:00 2005],[notice],jk2_init() Found
[Sun 1745884800 04 06:06:10 2005],[notice],workerEnv.init() ok
[Sun 1745884800 04 06:06:11 2005],[notice],workerEnv.init() ok
[Sun 1745884800 04 06:06:12 2005],[error],mod_jk child
[Sun 1745884800 04 06:06:12 2005],[error],mod_jk child
[Sun 1745884800 04 06:06:20 2005],[notice],jk2_init() Found
[Sun 1745884800 04 06:06:24 2005],[notice],jk2_init() Found
[Sun 1745884800 04 06:06:24 2005],[notice],jk2_init() Found
[Sun 1745884800 04 06:06:24 2005],[notice],jk2_init() Found
[Sun 1745884800 04 06:06:26 2005],[notice],workerEnv.init() ok
[Sun 1745884800 04 06:06:26 2005],[error],mod_jk child
[Sun 1745884800 04 06:06:26 2005],[notice],workerEnv.init() ok
[Sun 1745884800 04 06:06:26 2005],[error],mod_jk child
[Sun 1745884800 04 06:06:26 2005],[notice],workerEnv.init() ok
[Sun 1745884800 04 06:06:26 2005],[error],mod_jk child
[Sun 1745884800 04 06:06:26 2005],[notice],workerEnv.init() ok
[Sun 1745884800 04 06:06:26 2005],[error],mod_jk child
[Sun 1745884800 04 06:11:11 2005],[notice],jk2_init() Found
[Sun 1745884800 04 06:11:11 2005],[notice],jk2_init() Found
[Sun 1745884800 04 06:12:31 2005],[notice],jk2_init() Found
[Sun 1745884800 04 06:12:31 2005],[notice],jk2_init() Found
[Sun 1745884800 04 06:12:31 2005],[notice],jk2_init() Found
[Sun 1745884800 04 06:12:31 2005],[notice],jk2_init() Found
[Sun 1745884800 04 06:12:31 2005],[notice],jk2_init() Found
[Sun 1745884800 04 06:12:31 2005],[notice],jk2_init() Found
[Sun 1745884800 04 06:12:37 2005],[notice],workerEnv.init() ok
[Sun 1745884800 04 06:12:37 2005],[notice],workerEnv.init() ok
[Sun 1745884800 04 06:12:37 2005],[notice],workerEnv.init() ok
[Sun 1745884800 04 06:12:37 2005],[notice],workerEnv.init() ok
[Sun 1745884800 04 06:12:37 2005],[notice],workerEnv.init() ok
[Sun 1745884800 04 06:12:40 2005],[error],mod_jk child
[Sun 1745884800 04 06:12:40 2005],[error],mod_jk child
[Sun 1745884800 04 06:12:40 2005],[error],mod_jk child
[Sun 1745884800 04 06:12:40 2005],[error],mod_jk child
[Sun 1745884800 04 06:12:40 2005],[error],mod_jk child
[Sun 1745884800 04 06:12:59 2005],[notice],jk2_init() Found
[Sun 1745884800 04 06:13:01 2005],[notice],workerEnv.init() ok
[Sun 1745884800 04 06:13:01 2005],[error],mod_jk child
[Sun 1745884800 04 06:16:10 2005],[notice],jk2_init() Found
[Sun 1745884800 04 06:16:10 2005],[notice],jk2_init() Found
[Sun 1745884800 04 06:16:10 2005],[notice],jk2_init() Found
[Sun 1745884800 04 06:16:21 2005],[notice],workerEnv.init() ok
[Sun 1745884800 04 06:16:21 2005],[notice],workerEnv.init() ok
[Sun 1745884800 04 06:16:23 2005],[error],mod_jk child
[Sun 1745884800 04 06:16:23 2005],[error],mod_jk child
[Sun 1745884800 04 06:16:21 2005],[notice],jk2_init() Found
[Sun 1745884800 04 06:16:21 2005],[notice],workerEnv.init() ok
[Sun 1745884800 04 06:16:23 2005],[error],mod_jk child
[Sun 1745884800 04 06:16:37 2005],[notice],workerEnv.init() ok
[Sun 1745884800 04 06:16:39 2005],[error],mod_jk child
[Sun 1745884800 04 06:16:51 2005],[notice],jk2_init() Found
[Sun 1745884800 04 06:16:51 2005],[notice],jk2_init() Found
[Sun 1745884800 04 06:17:02 2005],[notice],workerEnv.init() ok
[Sun 1745884800 04 06:17:02 2005],[notice],workerEnv.init() ok
[Sun 1745884800 04 06:17:05 2005],[error],mod_jk child
[Sun 1745884800 04 06:17:06 2005],[notice],jk2_init() Found
[Sun 1745884800 04 06:17:18 2005],[notice],workerEnv.init() ok
[Sun 1745884800 04 06:17:24 2005],[error],mod_jk child
[Sun 1745884800 04 06:17:23 2005],[notice],jk2_init() Found
[Sun 1745884800 04 06:17:23 2005],[notice],jk2_init() Found
[Sun 1745884800 04 06:17:23 2005],[notice],jk2_init() Found
[Sun 1745884800 04 06:17:33 2005],[notice],workerEnv.init() ok
[Sun 1745884800 04 06:17:33 2005],[notice],workerEnv.init() ok
[Sun 1745884800 04 06:17:35 2005],[error],mod_jk child
[Sun 1745884800 04 06:17:35 2005],[error],mod_jk child
[Sun 1745884800 04 06:17:55 2005],[notice],jk2_init() Found
[Sun 1745884800 04 06:17:55 2005],[notice],jk2_init() Found
[Sun 1745884800 04 06:17:55 2005],[notice],jk2_init() Found
[Sun 1745884800 04 06:18:08 2005],[notice],workerEnv.init() ok
[Sun 1745884800 04 06:18:08 2005],[notice],workerEnv.init() ok
[Sun 1745884800 04 06:18:11 2005],[error],mod_jk child
[Sun 1745884800 04 06:18:11 2005],[error],mod_jk child
[Sun 1745884800 04 06:18:12 2005],[notice],jk2_init() Found
[Sun 1745884800 04 06:18:23 2005],[notice],workerEnv.init() ok
[Sun 1745884800 04 06:18:31 2005],[error],mod_jk child
[Sun 1745884800 04 06:18:41 2005],[notice],jk2_init() Found
[Sun 1745884800 04 06:18:39 2005],[notice],jk2_init() Found
[Sun 1745884800 04 06:18:40 2005],[notice],jk2_init() Found
[Sun 1745884800 04 06:18:53 2005],[notice],workerEnv.init() ok
[Sun 1745884800 04 06:18:53 2005],[notice],workerEnv.init() ok
[Sun 1745884800 04 06:18:55 2005],[error],mod_jk child
[Sun 1745884800 04 06:18:55 2005],[error],mod_jk child
[Sun 1745884800 04 06:19:05 2005],[notice],jk2_init() Found
[Sun 1745884800 04 06:19:15 2005],[notice],workerEnv.init() ok
[Sun 1745884800 04 06:19:19 2005],[notice],jk2_init() Found
[Sun 1745884800 04 06:19:18 2005],[error],mod_jk child
[Sun 1745884800 04 06:19:19 2005],[notice],jk2_init() Found
[Sun 1745884800 04 06:19:19 2005],[notice],jk2_init() Found
[Sun 1745884800 04 06:19:31 2005],[notice],workerEnv.init() ok
[Sun 1745884800 04 06:19:31 2005],[notice],workerEnv.init() ok
[Sun 1745884800 04 06:19:34 2005],[error],mod_jk child
[Sun 1745884800 04 06:19:34 2005],[error],mod_jk child
[Sun 1745884800 04 06:19:56 2005],[notice],jk2_init() Found
[Sun 1745884800 04 06:19:56 2005],[notice],jk2_init() Found
[Sun 1745884800 04 06:19:56 2005],[notice],jk2_init() Found
[Sun 1745884800 04 06:20:30 2005],[notice],jk2_init() Found
[Sun 1745884800 04 06:20:30 2005],[notice],jk2_init() Found
[Sun 1745884800 04 06:20:30 2005],[notice],jk2_init() Found
[Sun 1745884800 04 06:20:30 2005],[notice],jk2_init() Found
[Sun 1745884800 04 06:20:30 2005],[notice],jk2_init() Found
[Sun 1745884800 04 06:20:44 2005],[notice],workerEnv.init() ok
[Sun 1745884800 04 06:20:44 2005],[notice],workerEnv.init() ok
[Sun 1745884800 04 06:20:44 2005],[notice],workerEnv.init() ok
[Sun 1745884800 04 06:20:46 2005],[error],mod_jk child
[Sun 1745884800 04 06:20:46 2005],[error],mod_jk child
[Sun 1745884800 04 06:20:46 2005],[error],mod_jk child
[Sun 1745884800 04 06:22:18 2005],[notice],jk2_init() Found
[Sun 1745884800 04 06:22:48 2005],[notice],jk2_init() Found
[Sun 1745884800 04 06:22:48 2005],[notice],jk2_init() Found
[Sun 1745884800 04 06:22:48 2005],[notice],jk2_init() Found
[Sun 1745884800 04 06:22:48 2005],[notice],jk2_init() Found
[Sun 1745884800 04 06:22:48 2005],[notice],jk2_init() Found
[Sun 1745884800 04 06:22:53 2005],[notice],workerEnv.init() ok
[Sun 1745884800 04 06:22:53 2005],[notice],workerEnv.init() ok
[Sun 1745884800 04 06:22:53 2005],[notice],workerEnv.init() ok
[Sun 1745884800 04 06:22:53 2005],[notice],workerEnv.init() ok
[Sun 1745884800 04 06:22:53 2005],[notice],workerEnv.init() ok
[Sun 1745884800 04 06:22:55 2005],[error],mod_jk child
[Sun 1745884800 04 06:22:55 2005],[error],mod_jk child
[Sun 1745884800 04 06:22:55 2005],[error],mod_jk child
[Sun 1745884800 04 06:22:55 2005],[error],mod_jk child
[Sun 1745884800 04 06:22:55 2005],[error],mod_jk child
[Sun 1745884800 04 06:23:12 2005],[notice],jk2_init() Found
[Sun 1745884800 04 06:23:15 2005],[notice],workerEnv.init() ok
[Sun 1745884800 04 06:23:15 2005],[error],mod_jk child
[Sun 1745884800 04 06:30:41 2005],[notice],jk2_init() Found
[Sun 1745884800 04 06:30:43 2005],[notice],workerEnv.init() ok
[Sun 1745884800 04 06:30:43 2005],[error],mod_jk child
[Sun 1745884800 04 06:36:07 2005],[notice],jk2_init() Found
[Sun 1745884800 04 06:36:07 2005],[notice],jk2_init() Found
[Sun 1745884800 04 06:36:10 2005],[notice],workerEnv.init() ok
[Sun 1745884800 04 06:36:10 2005],[error],mod_jk child
[Sun 1745884800 04 06:36:10 2005],[notice],workerEnv.init() ok
[Sun 1745884800 04 06:36:10 2005],[error],mod_jk child
[Sun 1745884800 04 06:40:54 2005],[notice],jk2_init() Found
[Sun 1745884800 04 06:40:54 2005],[notice],jk2_init() Found
[Sun 1745884800 04 06:40:55 2005],[notice],jk2_init() Found
[Sun 1745884800 04 06:41:04 2005],[notice],workerEnv.init() ok
[Sun 1745884800 04 06:41:04 2005],[notice],workerEnv.init() ok
[Sun 1745884800 04 06:41:04 2005],[notice],workerEnv.init() ok
[Sun 1745884800 04 06:41:07 2005],[error],mod_jk child
[Sun 1745884800 04 06:41:08 2005],[error],mod_jk child
[Sun 1745884800 04 06:41:08 2005],[error],mod_jk child
[Sun 1745884800 04 06:41:29 2005],[notice],jk2_init() Found
[Sun 1745884800 04 06:41:29 2005],[notice],jk2_init() Found
[Sun 1745884800 04 06:41:45 2005],[notice],workerEnv.init() ok
[Sun 1745884800 04 06:41:45 2005],[notice],workerEnv.init() ok
[Sun 1745884800 04 06:41:46 2005],[error],mod_jk child
[Sun 1745884800 04 06:41:46 2005],[error],mod_jk child
[Sun 1745884800 04 06:42:11 2005],[notice],jk2_init() Found
[Sun 1745884800 04 06:42:11 2005],[notice],jk2_init() Found
[Sun 1745884800 04 06:42:25 2005],[notice],workerEnv.init() ok
[Sun 1745884800 04 06:42:23 2005],[notice],jk2_init() Found
[Sun 1745884800 04 06:42:25 2005],[notice],workerEnv.init() ok
[Sun 1745884800 04 06:42:23 2005],[notice],jk2_init() Found
[Sun 1745884800 04 06:42:30 2005],[error],mod_jk child
[Sun 1745884800 04 06:42:30 2005],[error],mod_jk child
[Sun 1745884800 04 06:42:53 2005],[notice],workerEnv.init() ok
[Sun 1745884800 04 06:42:53 2005],[notice],workerEnv.init() ok
[Sun 1745884800 04 06:42:58 2005],[error],mod_jk child
[Sun 1745884800 04 06:42:58 2005],[error],mod_jk child
[Sun 1745884800 04 06:43:20 2005],[notice],jk2_init() Found
[Sun 1745884800 04 06:43:20 2005],[notice],jk2_init() Found
[Sun 1745884800 04 06:43:20 2005],[notice],jk2_init() Found
[Sun 1745884800 04 06:43:34 2005],[notice],workerEnv.init() ok
[Sun 1745884800 04 06:43:34 2005],[notice],workerEnv.init() ok
[Sun 1745884800 04 06:43:34 2005],[notice],workerEnv.init() ok
[Sun 1745884800 04 06:43:40 2005],[error],mod_jk child
[Sun 1745884800 04 06:43:40 2005],[error],mod_jk child
[Sun 1745884800 04 06:43:56 2005],[notice],jk2_init() Found
[Sun 1745884800 04 06:44:18 2005],[notice],jk2_init() Found
[Sun 1745884800 04 06:44:18 2005],[notice],jk2_init() Found
[Sun 1745884800 04 06:44:39 2005],[notice],jk2_init() Found
[Sun 1745884800 04 06:44:39 2005],[notice],jk2_init() Found
[Sun 1745884800 04 06:44:39 2005],[notice],jk2_init() Found
[Sun 1745884800 04 06:45:32 2005],[notice],jk2_init() Found
[Sun 1745884800 04 06:45:32 2005],[notice],jk2_init() Found
[Sun 1745884800 04 06:45:32 2005],[notice],jk2_init() Found
[Sun 1745884800 04 06:45:32 2005],[notice],jk2_init() Found
[Sun 1745884800 04 06:45:32 2005],[notice],jk2_init() Found
[Sun 1745884800 04 06:45:50 2005],[notice],workerEnv.init() ok
[Sun 1745884800 04 06:45:50 2005],[notice],workerEnv.init() ok
[Sun 1745884800 04 06:45:57 2005],[error],mod_jk child
[Sun 1745884800 04 06:46:13 2005],[notice],jk2_init() Found
[Sun 1745884800 04 06:46:13 2005],[notice],jk2_init() Found
[Sun 1745884800 04 06:46:12 2005],[notice],jk2_init() Found
[Sun 1745884800 04 06:46:13 2005],[notice],jk2_init() Found
[Sun 1745884800 04 06:46:30 2005],[notice],workerEnv.init() ok
[Sun 1745884800 04 06:46:30 2005],[notice],workerEnv.init() ok
[Sun 1745884800 04 06:46:31 2005],[error],mod_jk child
[Sun 1745884800 04 06:46:31 2005],[error],mod_jk child
[Sun 1745884800 04 06:46:32 2005],[notice],jk2_init() Found
[Sun 1745884800 04 06:46:32 2005],[notice],jk2_init() Found
[Sun 1745884800 04 06:46:32 2005],[notice],jk2_init() Found
[Sun 1745884800 04 06:46:33 2005],[notice],workerEnv.init() ok
[Sun 1745884800 04 06:46:33 2005],[error],mod_jk child
[Sun 1745884800 04 06:46:34 2005],[notice],workerEnv.init() ok
[Sun 1745884800 04 06:46:34 2005],[error],mod_jk child
[Sun 1745884800 04 06:46:34 2005],[notice],workerEnv.init() ok
[Sun 1745884800 04 06:46:34 2005],[error],mod_jk child
[Sun 1745884800 04 06:47:19 2005],[notice],jk2_init() Found
[Sun 1745884800 04 06:47:30 2005],[notice],jk2_init() Found
[Sun 1745884800 04 06:47:30 2005],[notice],jk2_init() Found
[Sun 1745884800 04 06:47:34 2005],[notice],jk2_init() Found
[Sun 1745884800 04 06:47:38 2005],[notice],workerEnv.init() ok
[Sun 1745884800 04 06:47:39 2005],[notice],workerEnv.init() ok
[Sun 1745884800 04 06:47:39 2005],[notice],workerEnv.init() ok
[Sun 1745884800 04 06:47:43 2005],[error],mod_jk child
[Sun 1745884800 04 06:48:09 2005],[notice],jk2_init() Found
[Sun 1745884800 04 06:48:09 2005],[notice],jk2_init() Found
[Sun 1745884800 04 06:48:22 2005],[notice],jk2_init() Found
[Sun 1745884800 04 06:48:22 2005],[notice],jk2_init() Found
[Sun 1745884800 04 06:48:48 2005],[notice],jk2_init() Found
[Sun 1745884800 04 06:49:06 2005],[notice],jk2_init() Found
[Sun 1745884800 04 06:49:06 2005],[notice],jk2_init() Found
[Sun 1745884800 04 06:49:23 2005],[notice],workerEnv.init() ok
[Sun 1745884800 04 06:49:24 2005],[error],mod_jk child
[Sun 1745884800 04 06:49:40 2005],[notice],jk2_init() Found
[Sun 1745884800 04 06:49:40 2005],[notice],jk2_init() Found
[Sun 1745884800 04 06:51:13 2005],[notice],jk2_init() Found
[Sun 1745884800 04 06:51:14 2005],[notice],jk2_init() Found
[Sun 1745884800 04 06:51:13 2005],[notice],jk2_init() Found
[Sun 1745884800 04 06:51:13 2005],[notice],jk2_init() Found
[Sun 1745884800 04 06:51:23 2005],[notice],workerEnv.init() ok
[Sun 1745884800 04 06:51:23 2005],[error],mod_jk child
[Sun 1745884800 04 06:51:23 2005],[notice],workerEnv.init() ok
[Sun 1745884800 04 06:51:23 2005],[error],mod_jk child
[Sun 1745884800 04 06:51:23 2005],[notice],workerEnv.init() ok
[Sun 1745884800 04 06:51:23 2005],[error],mod_jk child
[Sun 1745884800 04 06:51:23 2005],[notice],workerEnv.init() ok
[Sun 1745884800 04 06:51:23 2005],[error],mod_jk child
[Sun 1745884800 04 06:51:25 2005],[notice],jk2_init() Found
[Sun 1745884800 04 06:51:26 2005],[notice],workerEnv.init() ok
[Sun 1745884800 04 06:51:26 2005],[error],mod_jk child
[Sun 1745884800 04 06:52:07 2005],[notice],jk2_init() Found
[Sun 1745884800 04 06:52:08 2005],[notice],jk2_init() Found
[Sun 1745884800 04 06:52:13 2005],[notice],workerEnv.init() ok
[Sun 1745884800 04 06:52:14 2005],[notice],workerEnv.init() ok
[Sun 1745884800 04 06:52:15 2005],[error],mod_jk child
[Sun 1745884800 04 06:52:15 2005],[error],mod_jk child
[Sun 1745884800 04 06:52:27 2005],[notice],jk2_init() Found
[Sun 1745884800 04 06:52:27 2005],[notice],jk2_init() Found
[Sun 1745884800 04 06:52:39 2005],[notice],workerEnv.init() ok
[Sun 1745884800 04 06:52:39 2005],[notice],workerEnv.init() ok
[Sun 1745884800 04 06:52:41 2005],[error],mod_jk child
[Sun 1745884800 04 06:52:41 2005],[error],mod_jk child
[Sun 1745884800 04 06:53:04 2005],[notice],jk2_init() Found
[Sun 1745884800 04 06:53:04 2005],[notice],jk2_init() Found
[Sun 1745884800 04 06:53:04 2005],[notice],jk2_init() Found
[Sun 1745884800 04 06:53:23 2005],[notice],workerEnv.init() ok
[Sun 1745884800 04 06:53:26 2005],[error],mod_jk child
[Sun 1745884800 04 06:53:38 2005],[notice],jk2_init() Found
[Sun 1745884800 04 06:53:37 2005],[notice],jk2_init() Found
[Sun 1745884800 04 06:53:37 2005],[notice],jk2_init() Found
[Sun 1745884800 04 06:54:04 2005],[notice],jk2_init() Found
[Sun 1745884800 04 06:54:04 2005],[notice],jk2_init() Found
[Sun 1745884800 04 06:54:04 2005],[notice],jk2_init() Found
[Sun 1745884800 04 06:54:35 2005],[notice],jk2_init() Found
[Sun 1745884800 04 06:55:00 2005],[notice],jk2_init() Found
[Sun 1745884800 04 06:55:00 2005],[notice],jk2_init() Found
[Sun 1745884800 04 06:55:00 2005],[notice],jk2_init() Found
[Sun 1745884800 04 06:55:00 2005],[notice],jk2_init() Found
[Sun 1745884800 04 06:55:00 2005],[notice],jk2_init() Found
[Sun 1745884800 04 06:55:19 2005],[notice],workerEnv.init() ok
[Sun 1745884800 04 06:55:19 2005],[notice],workerEnv.init() ok
[Sun 1745884800 04 06:55:19 2005],[notice],workerEnv.init() ok
[Sun 1745884800 04 06:55:23 2005],[error],mod_jk child
[Sun 1745884800 04 06:55:23 2005],[error],mod_jk child
[Sun 1745884800 04 06:55:23 2005],[error],mod_jk child
[Sun 1745884800 04 06:55:55 2005],[notice],jk2_init() Found
[Sun 1745884800 04 06:55:54 2005],[notice],jk2_init() Found
[Sun 1745884800 04 06:55:54 2005],[notice],jk2_init() Found
[Sun 1745884800 04 06:55:54 2005],[notice],jk2_init() Found
[Sun 1745884800 04 06:56:10 2005],[notice],workerEnv.init() ok
[Sun 1745884800 04 06:56:17 2005],[error],mod_jk child
[Sun 1745884800 04 06:56:37 2005],[notice],jk2_init() Found
[Sun 1745884800 04 06:56:37 2005],[notice],jk2_init() Found
[Sun 1745884800 04 06:57:19 2005],[notice],jk2_init() Found
[Sun 1745884800 04 06:57:19 2005],[notice],jk2_init() Found
[Sun 1745884800 04 06:57:19 2005],[notice],jk2_init() Found
[Sun 1745884800 04 06:57:19 2005],[notice],jk2_init() Found
[Sun 1745884800 04 06:57:19 2005],[notice],jk2_init() Found
[Sun 1745884800 04 06:57:23 2005],[notice],workerEnv.init() ok
[Sun 1745884800 04 06:57:23 2005],[notice],workerEnv.init() ok
[Sun 1745884800 04 06:57:23 2005],[error],mod_jk child
[Sun 1745884800 04 06:57:23 2005],[error],mod_jk child
[Sun 1745884800 04 06:57:23 2005],[notice],workerEnv.init() ok
[Sun 1745884800 04 06:57:23 2005],[error],mod_jk child
[Sun 1745884800 04 06:57:23 2005],[notice],workerEnv.init() ok
[Sun 1745884800 04 06:57:23 2005],[error],mod_jk child
[Sun 1745884800 04 06:57:24 2005],[notice],workerEnv.init() ok
[Sun 1745884800 04 06:57:24 2005],[error],mod_jk child
[Sun 1745884800 04 06:58:12 2005],[notice],jk2_init() Found
[Sun 1745884800 04 06:58:13 2005],[notice],jk2_init() Found
[Sun 1745884800 04 06:58:13 2005],[notice],jk2_init() Found
[Sun 1745884800 04 06:58:27 2005],[notice],jk2_init() Found
[Sun 1745884800 04 06:58:28 2005],[notice],workerEnv.init() ok
[Sun 1745884800 04 06:58:28 2005],[notice],workerEnv.init() ok
[Sun 1745884800 04 06:58:29 2005],[error],mod_jk child
[Sun 1745884800 04 06:58:29 2005],[error],mod_jk child
[Sun 1745884800 04 06:58:51 2005],[notice],workerEnv.init() ok
[Sun 1745884800 04 06:58:53 2005],[error],mod_jk child
[Sun 1745884800 04 06:58:54 2005],[notice],jk2_init() Found
[Sun 1745884800 04 06:58:54 2005],[notice],jk2_init() Found
[Sun 1745884800 04 06:58:54 2005],[notice],jk2_init() Found
[Sun 1745884800 04 06:59:28 2005],[notice],jk2_init() Found
[Sun 1745884800 04 06:59:28 2005],[notice],jk2_init() Found
[Sun 1745884800 04 06:59:34 2005],[notice],jk2_init() Found
[Sun 1745884800 04 06:59:34 2005],[notice],jk2_init() Found
[Sun 1745884800 04 06:59:38 2005],[notice],workerEnv.init() ok
[Sun 1745884800 04 06:59:40 2005],[error],mod_jk child
[Sun 1745884800 04 06:59:45 2005],[notice],workerEnv.init() ok
[Sun 1745884800 04 06:59:45 2005],[notice],workerEnv.init() ok
[Sun 1745884800 04 06:59:47 2005],[error],mod_jk child
[Sun 1745884800 04 06:59:47 2005],[error],mod_jk child
[Sun 1745884800 04 06:59:59 2005],[notice],jk2_init() Found
[Sun 1745884800 04 07:00:06 2005],[notice],jk2_init() Found
[Sun 1745884800 04 07:00:32 2005],[notice],jk2_init() Found
[Sun 1745884800 04 07:00:32 2005],[notice],jk2_init() Found
[Sun 1745884800 04 07:00:32 2005],[notice],jk2_init() Found
[Sun 1745884800 04 07:01:25 2005],[notice],jk2_init() Found
[Sun 1745884800 04 07:01:26 2005],[notice],jk2_init() Found
[Sun 1745884800 04 07:01:55 2005],[notice],jk2_init() Found
[Sun 1745884800 04 07:01:55 2005],[notice],jk2_init() Found
[Sun 1745884800 04 07:01:55 2005],[notice],jk2_init() Found
[Sun 1745884800 04 07:01:55 2005],[notice],jk2_init() Found
[Sun 1745884800 04 07:01:57 2005],[notice],jk2_init() Found
[Sun 1745884800 04 07:02:01 2005],[notice],workerEnv.init() ok
[Sun 1745884800 04 07:02:01 2005],[notice],workerEnv.init() ok
[Sun 1745884800 04 07:02:01 2005],[notice],workerEnv.init() ok
[Sun 1745884800 04 07:02:01 2005],[notice],workerEnv.init() ok
[Sun 1745884800 04 07:02:01 2005],[notice],workerEnv.init() ok
[Sun 1745884800 04 07:02:03 2005],[error],mod_jk child
[Sun 1745884800 04 07:02:03 2005],[error],mod_jk child
[Sun 1745884800 04 07:02:03 2005],[error],mod_jk child
[Sun 1745884800 04 07:02:03 2005],[error],mod_jk child
[Sun 1745884800 04 07:02:03 2005],[error],mod_jk child
[Sun 1745884800 04 07:02:52 2005],[notice],jk2_init() Found
[Sun 1745884800 04 07:03:23 2005],[notice],jk2_init() Found
[Sun 1745884800 04 07:03:48 2005],[notice],jk2_init() Found
[Sun 1745884800 04 07:04:27 2005],[notice],jk2_init() Found
[Sun 1745884800 04 07:04:55 2005],[notice],jk2_init() Found
[Sun 1745884800 04 07:04:55 2005],[notice],jk2_init() Found
[Sun 1745884800 04 07:04:55 2005],[notice],jk2_init() Found
[Sun 1745884800 04 07:05:44 2005],[notice],jk2_init() Found
[Sun 1745884800 04 07:05:44 2005],[notice],jk2_init() Found
[Sun 1745884800 04 07:06:11 2005],[notice],jk2_init() Found
[Sun 1745884800 04 07:07:23 2005],[notice],jk2_init() Found
[Sun 1745884800 04 07:07:23 2005],[notice],jk2_init() Found
[Sun 1745884800 04 07:07:23 2005],[notice],jk2_init() Found
[Sun 1745884800 04 07:07:30 2005],[notice],workerEnv.init() ok
[Sun 1745884800 04 07:07:30 2005],[notice],workerEnv.init() ok
[Sun 1745884800 04 07:07:30 2005],[notice],workerEnv.init() ok
[Sun 1745884800 04 07:07:30 2005],[error],mod_jk child
[Sun 1745884800 04 07:07:30 2005],[error],mod_jk child
[Sun 1745884800 04 07:07:30 2005],[error],mod_jk child
[Sun 1745884800 04 07:08:02 2005],[notice],jk2_init() Found
[Sun 1745884800 04 07:08:02 2005],[notice],jk2_init() Found
[Sun 1745884800 04 07:08:02 2005],[notice],jk2_init() Found
[Sun 1745884800 04 07:08:04 2005],[notice],workerEnv.init() ok
[Sun 1745884800 04 07:08:04 2005],[error],mod_jk child
[Sun 1745884800 04 07:08:04 2005],[notice],workerEnv.init() ok
[Sun 1745884800 04 07:08:04 2005],[error],mod_jk child
[Sun 1745884800 04 07:08:04 2005],[notice],workerEnv.init() ok
[Sun 1745884800 04 07:08:04 2005],[error],mod_jk child
[Sun 1745884800 04 07:10:54 2005],[notice],jk2_init() Found
[Sun 1745884800 04 07:11:04 2005],[notice],jk2_init() Found
[Sun 1745884800 04 07:11:04 2005],[notice],jk2_init() Found
[Sun 1745884800 04 07:11:05 2005],[notice],workerEnv.init() ok
[Sun 1745884800 04 07:11:05 2005],[error],mod_jk child
[Sun 1745884800 04 07:11:13 2005],[notice],workerEnv.init() ok
[Sun 1745884800 04 07:11:13 2005],[notice],workerEnv.init() ok
[Sun 1745884800 04 07:11:22 2005],[error],mod_jk child
[Sun 1745884800 04 07:11:22 2005],[error],mod_jk child
[Sun 1745884800 04 07:11:49 2005],[notice],jk2_init() Found
[Sun 1745884800 04 07:12:05 2005],[notice],workerEnv.init() ok
[Sun 1745884800 04 07:12:08 2005],[error],mod_jk child
[Sun 1745884800 04 07:12:22 2005],[notice],jk2_init() Found
[Sun 1745884800 04 07:12:22 2005],[notice],jk2_init() Found
[Sun 1745884800 04 07:12:40 2005],[notice],workerEnv.init() ok
[Sun 1745884800 04 07:12:40 2005],[notice],workerEnv.init() ok
[Sun 1745884800 04 07:12:44 2005],[error],mod_jk child
[Sun 1745884800 04 07:12:44 2005],[error],mod_jk child
[Sun 1745884800 04 07:13:09 2005],[notice],jk2_init() Found
[Sun 1745884800 04 07:13:09 2005],[notice],jk2_init() Found
[Sun 1745884800 04 07:13:10 2005],[notice],jk2_init() Found
[Sun 1745884800 04 07:13:36 2005],[notice],workerEnv.init() ok
[Sun 1745884800 04 07:13:36 2005],[notice],workerEnv.init() ok
[Sun 1745884800 04 07:13:36 2005],[notice],workerEnv.init() ok
[Sun 1745884800 04 07:13:41 2005],[error],mod_jk child
[Sun 1745884800 04 07:13:41 2005],[error],mod_jk child
[Sun 1745884800 04 07:14:07 2005],[notice],jk2_init() Found
[Sun 1745884800 04 07:14:07 2005],[notice],jk2_init() Found
[Sun 1745884800 04 07:14:08 2005],[notice],jk2_init() Found
[Sun 1745884800 04 07:14:21 2005],[notice],workerEnv.init() ok
[Sun 1745884800 04 07:14:29 2005],[error],mod_jk child
[Sun 1745884800 04 07:14:47 2005],[notice],jk2_init() Found
[Sun 1745884800 04 07:15:09 2005],[notice],jk2_init() Found
[Sun 1745884800 04 07:15:09 2005],[notice],jk2_init() Found
[Sun 1745884800 04 07:17:56 2005],[notice],jk2_init() Found
[Sun 1745884800 04 07:17:56 2005],[notice],jk2_init() Found
[Sun 1745884800 04 07:17:56 2005],[notice],jk2_init() Found
[Sun 1745884800 04 07:17:56 2005],[notice],jk2_init() Found
[Sun 1745884800 04 07:17:56 2005],[notice],jk2_init() Found
[Sun 1745884800 04 07:17:56 2005],[notice],jk2_init() Found
[Sun 1745884800 04 07:17:56 2005],[notice],jk2_init() Found
[Sun 1745884800 04 07:18:00 2005],[notice],workerEnv.init() ok
[Sun 1745884800 04 07:18:00 2005],[error],mod_jk child
[Sun 1745884800 04 07:18:00 2005],[notice],workerEnv.init() ok
[Sun 1745884800 04 07:18:00 2005],[error],mod_jk child
[Sun 1745884800 04 07:18:00 2005],[notice],workerEnv.init() ok
[Sun 1745884800 04 07:18:00 2005],[error],mod_jk child
[Sun 1745884800 04 07:18:00 2005],[notice],workerEnv.init() ok
[Sun 1745884800 04 07:18:00 2005],[error],mod_jk child
[Mon 1745884800 Apr 29 00:00:00 2025]
[Mon 1745884800 Apr 29 00:00:00 2025]
[Mon 1745884800 Apr 29 00:00:00 2025]
[Mon 1745884800 Apr 29 00:00:00 2025]
[Mon 1745884800 Apr 29 00:00:00 2025]
[Mon 1745884800 Apr 29 00:00:00 2025]
[Mon 1745884800 Apr 29 00:00:00 2025]
[Mon 1745884800 Apr 29 00:00:00 2025]
[Mon 1745884800 Apr 29 00:00:00 2025]
[Mon 1745884800 Apr 29 00:00:00 2025]
[Mon 1745884800 Apr 29 00:00:00 2025]
[Mon 1745884800 Apr 29 00:00:00 2025]
[Mon 1745884800 Apr 29 00:00:00 2025]
[Mon 1745884800 Apr 29 00:00:00 2025]
[Mon 1745884800 Apr 29 00:00:00 2025]
[Mon 1745884800 Apr 29 00:00:00 2025]
[Mon 1745884800 Apr 29 00:00:00 2025]
[Mon 1745884800 Apr 29 00:00:00 2025]
[Mon 1745884800 Apr 29 00:00:00 2025]
[Mon 1745884800 Apr 29 00:00:00 2025]
[Mon 1745884800 Apr 29 00:00:00 2025]
[Mon 1745884800 Apr 29 00:00:00 2025]
[Mon 1745884800 Apr 29 00:00:00 2025]
[Mon 1745884800 Apr 29 00:00:00 2025]
[Mon 1745884800 Apr 29 00:00:00 2025]
[Mon 1745884800 Apr 29 00:00:00 2025]
[Mon 1745884800 Apr 29 00:00:00 2025]
[Mon 1745884800 Apr 29 00:00:00 2025]
[Mon 1745884800 Apr 29 00:00:00 2025]
[Mon 1745884800 Apr 29 00:00:00 2025]
[Mon 1745884800 Apr 29 00:00:00 2025]
[Mon 1745884800 Apr 29 00:00:00 2025]
[Mon 1745884800 Apr 29 00:00:00 2025]
[Mon 1745884800 Apr 29 00:00:00 2025]
[Mon 1745884800 Apr 29 00:00:00 2025]
[Mon 1745884800 Apr 29 00:00:00 2025]
[Mon 1745884800 Apr 29 00:00:00 2025]
[Mon 1745884800 Apr 29 00:00:00 2025]
[Mon 1745884800 Apr 29 00:00:00 2025]
[Mon 1745884800 Apr 29 00:00:00 2025]
[Mon 1745884800 Apr 29 00:00:00 2025]
[Mon 1745884800 Apr 29 00:00:00 2025]
[Mon 1745884800 Apr 29 00:00:00 2025]
[Mon 1745884800 Apr 29 00:00:00 2025]
[Mon 1745884800 Apr 29 00:00:00 2025]
[Mon 1745884800 Apr 29 00:00:00 2025]
[Mon 1745884800 Apr 29 00:00:00 2025]
[Mon 1745884800 Apr 29 00:00:00 2025]
[Mon 1745884800 Apr 29 00:00:00 2025]
[Mon 1745884800 Apr 29 00:00:00 2025]
[Mon 1745884800 Apr 29 00:00:00 2025]
[Mon 1745884800 Apr 29 00:00:00 2025]
[Mon 1745884800 Apr 29 00:00:00 2025]
[Mon 1745884800 Apr 29 00:00:00 2025]
671,[Mon 1745884800 Apr 29 00:00:00 2025]
672,[Mon 1745884800 Apr 29 00:00:00 2025]
673,[Mon 1745884800 Apr 29 00:00:00 2025]
674,[Mon 1745884800 Apr 29 00:00:00 2025]
675,[Mon 1745884800 Apr 29 00:00:00 2025]
676,[Mon 1745884800 Apr 29 00:00:00 2025]
677,[Mon 1745884800 Apr 29 00:00:00 2025]
678,[Mon 1745884800 Apr 29 00:00:00 2025]
679,[Mon 1745884800 Apr 29 00:00:00 2025]
680,[Mon 1745884800 Apr 29 00:00:00 2025]
681,[Mon 1745884800 Apr 29 00:00:00 2025]
682,[Mon 1745884800 Apr 29 00:00:00 2025]
683,[Mon 1745884800 Apr 29 00:00:00 2025]
684,[Mon 1745884800 Apr 29 00:00:00 2025]
685,[Mon 1745884800 Apr 29 00:00:00 2025]
686,[Mon 1745884800 Apr 29 00:00:00 2025]
687,[Mon 1745884800 Apr 29 00:00:00 2025]
688,[Mon 1745884800 Apr 29 00:00:00 2025]
689,[Mon 1745884800 Apr 29 00:00:00 2025]
690,[Mon 1745884800 Apr 29 00:00:00 2025]
691,[Mon 1745884800 Apr 29 00:00:00 2025]
692,[Mon 1745884800 Apr 29 00:00:00 2025]
693,[Mon 1745884800 Apr 29 00:00:00 2025]
694,[Mon 1745884800 Apr 29 00:00:00 2025]
695,[Mon 1745884800 Apr 29 00:00:00 2025]
696,[Mon 1745884800 Apr 29 00:00:00 2025]
697,[Mon 1745884800 Apr 29 00:00:00 2025]
698,[Mon 1745884800 Apr 29 00:00:00 2025]
699,[Mon 1745884800 Apr 29 00:00:00 2025]
700,[Mon 1745884800 Apr 29 00:00:00 2025]
701,[Mon 1745884800 Apr 29 00:00:00 2025]
702,[Mon 1745884800 Apr 29 00:00:00 2025]
703,[Mon 1745884800 Apr 29 00:00:00 2025]
704,[Mon 1745884800 Apr 29 00:00:00 2025]
705,[Mon 1745884800 Apr 29 00:00:00 2025]
706,[Mon 1745884800 Apr 29 00:00:00 2025]
707,[Mon 1745884800 Apr 29 00:00:00 2025]
708,[Mon 1745884800 Apr 29 00:00:00 2025]
709,[Mon 1745884800 Apr 29 00:00:00 2025]
710,[Mon 1745884800 Apr 29 00:00:00 2025]
711,[Mon 1745884800 Apr 29 00:00:00 2025]
712,[Mon 1745884800 Apr 29 00:00:00 2025]
713,[Mon 1745884800 Apr 29 00:00:00 2025]
714,[Mon 1745884800 Apr 29 00:00:00 2025]
715,[Mon 1745884800 Apr 29 00:00:00 2025]
716,[Mon 1745884800 Apr 29 00:00:00 2025]
717,[Mon 1745884800 Apr 29 00:00:00 2025]
718,[Mon 1745884800 Apr 29 00:00:00 2025]
719,[Mon 1745884800 Apr 29 00:00:00 2025]
720,[Mon 1745884800 Apr 29 00:00:00 2025]
721,[Mon 1745884800 Apr 29 00:00:00 2025]
722,[Mon 1745884800 Apr 29 00:00:00 2025]
723,[Mon 1745884800 Apr 29 00:00:00 2025]
724,[Mon 1745884800 Apr 29 00:00:00 2025]
725,[Mon 1745884800 Apr 29 00:00:00 2025]
726,[Mon 1745884800 Apr 29 00:00:00 2025]
727,[Mon 1745884800 Apr 29 00:00:00 2025]
728,[Mon 1745884800 Apr 29 00:00:00 2025]
729,[Mon 1745884800 Apr 29 00:00:00 2025]
730,[Mon 1745884800 Apr 29 00:00:00 2025]
731,[Mon 1745884800 Apr 29 00:00:00 2025]
732,[Mon 1745884800 Apr 29 00:00:00 2025]
733,[Mon 1745884800 Apr 29 00:00:00 2025]
734,[Mon 1745884800 Apr 29 00:00:00 2025]
735,[Mon 1745884800 Apr 29 00:00:00 2025]
736,[Mon 1745884800 Apr 29 00:00:00 2025]
737,[Mon 1745884800 Apr 29 00:00:00 2025]
738,[Mon 1745884800 Apr 29 00:00:00 2025]
739,[Mon 1745884800 Apr 29 00:00:00 2025]
740,[Mon 1745884800 Apr 29 00:00:00 2025]
741,[Mon 1745884800 Apr 29 00:00:00 2025]
742,[Mon 1745884800 Apr 29 00:00:00 2025]
743,[Mon 1745884800 Apr 29 00:00:00 2025]
744,[Mon 1745884800 Apr 29 00:00:00 2025]
745,[Mon 1745884800 Apr 29 00:00:00 2025]
746,[Mon 1745884800 Apr 29 00:00:00 2025]
747,[Mon 1745884800 Apr 29 00:00:00 2025]
748,[Mon 1745884800 Apr 29 00:00:00 2025]
749,[Mon 1745884800 Apr 29 00:00:00 2025]
750,[Mon 1745884800 Apr 29 00:00:00 2025]
751,[Mon 1745884800 Apr 29 00:00:00 2025]
752,[Mon 1745884800 Apr 29 00:00:00 2025]
753,[Mon 1745884800 Apr 29 00:00:00 2025]
754,[Mon 1745884800 Apr 29 00:00:00 2025]
755,[Mon 1745884800 Apr 29 00:00:00 2025]
756,[Mon 1745884800 Apr 29 00:00:00 2025]
757,[Mon 1745884800 Apr 29 00:00:00 2025]
758,[Mon 1745884800 Apr 29 00:00:00 2025]
759,[Mon 1745884800 Apr 29 00:00:00 2025]
760,[Mon 1745884800 Apr 29 00:00:00 2025]
761,[Mon 1745884800 Apr 29 00:00:00 2025]
762,[Mon 1745884800 Apr 29 00:00:00 2025]
763,[Mon 1745884800 Apr 29 00:00:00 2025]
764,[Mon 1745884800 Apr 29 00:00:00 2025]
765,[Mon 1745884800 Apr 29 00:00:00 2025]
766,[Mon 1745884800 Apr 29 00:00:00 2025]
767,[Mon 1745884800 Apr 29 00:00:00 2025]
768,[Mon 1745884800 Apr 29 00:00:00 2025]
769,[Mon 1745884800 Apr 29 00:00:00 2025]
770,[Mon 1745884800 Apr 29 00:00:00 2025]
771,[Mon 1745884800 Apr 29 00:00:00 2025]
772,[Mon 1745884800 Apr 29 00:00:00 2025]
773,[Mon 1745884800 Apr 29 00:00:00 2025]
774,[Mon 1745884800 Apr 29 00:00:00 2025]
775,[Mon 1745884800 Apr 29 00:00:00 2025]
776,[Mon 1745884800 Apr 29 00:00:00 2025]
777,[Mon 1745884800 Apr 29 00:00:00 2025]
778,[Mon 1745884800 Apr 29 00:00:00 2025]
779,[Mon 1745884800 Apr 29 00:00:00 2025]
780,[Mon 1745884800 Apr 29 00:00:00 2025]
781,[Mon 1745884800 Apr 29 00:00:00 2025]
782,[Mon 1745884800 Apr 29 00:00:00 2025]
783,[Mon 1745884800 Apr 29 00:00:00 2025]
784,[Mon 1745884800 Apr 29 00:00:00 2025]
785,[Mon 1745884800 Apr 29 00:00:00 2025]
786,[Mon 1745884800 Apr 29 00:00:00 2025]
787,[Mon 1745884800 Apr 29 00:00:00 2025]
788,[Mon 1745884800 Apr 29 00:00:00 2025]
789,[Mon 1745884800 Apr 29 00:00:00 2025]
790,[Mon 1745884800 Apr 29 00:00:00 2025]
791,[Mon 1745884800 Apr 29 00:00:00 2025]
792,[Mon 1745884800 Apr 29 00:00:00 2025]
793,[Mon 1745884800 Apr 29 00:00:00 2025]
794,[Mon 1745884800 Apr 29 00:00:00 2025]
795,[Mon 1745884800 Apr 29 00:00:00 2025]
796,[Mon 1745884800 Apr 29 00:00:00 2025]
797,[Mon 1745884800 Apr 29 00:00:00 2025]
798,[Mon 1745884800 Apr 29 00:00:00 2025]
799,[Mon 1745884800 Apr 29 00:00:00 2025]
800,[Mon 1745884800 Apr 29 00:00:00 2025]
801,[Mon 1745884800 Apr 29 00:00:00 2025]
802,[Mon 1745884800 Apr 29 00:00:00 2025]
803,[Mon 1745884800 Apr 29 00:00:00 2025]
804,[Mon 1745884800 Apr 29 00:00:00 2025]
805,[Mon 1745884800 Apr 29 00:00:00 2025]
806,[Mon 1745884800 Apr 29 00:00:00 2025]
807,[Mon 1745884800 Apr 29 00:00:00 2025]
808,[Mon 1745884800 Apr 29 00:00:00 2025]
809,[Mon 1745884800 Apr 29 00:00:00 2025]
810,[Mon 1745884800 Apr 29 00:00:00 2025]
811,[Mon 1745884800 Apr 29 00:00:00 2025]
812,[Mon 1745884800 Apr 29 00:00:00 2025]
813,[Mon 1745884800 Apr 29 00:00:00 2025]
814,[Mon 1745884800 Apr 29 00:00:00 2025]
815,[Mon 1745884800 Apr 29 00:00:00 2025]
816,[Mon 1745884800 Apr 29 00:00:00 2025]
817,[Mon 1745884800 Apr 29 00:00:00 2025]
818,[Mon 1745884800 Apr 29 00:00:00 2025]
819,[Mon 1745884800 Apr 29 00:00:00 2025]
820,[Mon 1745884800 Apr 29 00:00:00 2025]
821,[Mon 1745884800 Apr 29 00:00:00 2025]
822,[Mon 1745884800 Apr 29 00:00:00 2025]
823,[Mon 1745884800 Apr 29 00:00:00 2025]
824,[Mon 1745884800 Apr 29 00:00:00 2025]
825,[Mon 1745884800 Apr 29 00:00:00 2025]
826,[Mon 1745884800 Apr 29 00:00:00 2025]
827,[Mon 1745884800 Apr 29 00:00:00 2025]
828,[Mon 1745884800 Apr 29 00:00:00 2025]
829,[Mon 1745884800 Apr 29 00:00:00 2025]
830,[Mon 1745884800 Apr 29 00:00:00 2025]
831,[Mon 1745884800 Apr 29 00:00:00 2025]
832,[Mon 1745884800 Apr 29 00:00:00 2025]
833,[Mon 1745884800 Apr 29 00:00:00 2025]
834,[Mon 1745884800 Apr 29 00:00:00 2025]
835,[Mon 1745884800 Apr 29 00:00:00 2025]
836,[Mon 1745884800 Apr 29 00:00:00 2025]
837,[Mon 1745884800 Apr 29 00:00:00 2025]
838,[Mon 1745884800 Apr 29 00:00:00 2025]
839,[Mon 1745884800 Apr 29 00:00:00 2025]
840,[Mon 1745884800 Apr 29 00:00:00 2025]
841,[Mon 1745884800 Apr 29 00:00:00 2025]
842,[Mon 1745884800 Apr 29 00:00:00 2025]
843,[Mon 1745884800 Apr 29 00:00:00 2025]
844,[Mon 1745884800 Apr 29 00:00:00 2025]
845,[Mon 1745884800 Apr 29 00:00:00 2025]
846,[Mon 1745884800 Apr 29 00:00:00 2025]
847,[Mon 1745884800 Apr 29 00:00:00 2025]
848,[Mon 1745884800 Apr 29 00:00:00 2025]
849,[Mon 1745884800 Apr 29 00:00:00 2025]
850,[Mon 1745884800 Apr 29 00:00:00 2025]
851,[Mon 1745884800 Apr 29 00:00:00 2025]
852,[Mon 1745884800 Apr 29 00:00:00 2025]
853,[Mon 1745884800 Apr 29 00:00:00 2025]
854,[Mon 1745884800 Apr 29 00:00:00 2025]
855,[Mon 1745884800 Apr 29 00:00:00 2025]
856,[Mon 1745884800 Apr 29 00:00:00 2025]
857,[Mon 1745884800 Apr 29 00:00:00 2025]
858,[Mon 1745884800 Apr 29 00:00:00 2025]
859,[Mon 1745884800 Apr 29 00:00:00 2025]
860,[Mon 1745884800 Apr 29 00:00:00 2025]
861,[Mon 1745884800 Apr 29 00:00:00 2025]
862,[Mon 1745884800 Apr 29 00:00:00 2025]
863,[Mon 1745884800 Apr 29 00:00:00 2025]
864,[Mon 1745884800 Apr 29 00:00:00 2025]
865,[Mon 1745884800 Apr 29 00:00:00 2025]
866,[Mon 1745884800 Apr 29 00:00:00 2025]
867,[Mon 1745884800 Apr 29 00:00:00 2025]
868,[Mon 1745884800 Apr 29 00:00:00 2025]
869,[Mon 1745884800 Apr 29 00:00:00 2025]
870,[Mon 1745884800 Apr 29 00:00:00 2025]
871,[Mon 1745884800 Apr 29 00:00:00 2025]
872,[Mon 1745884800 Apr 29 00:00:00 2025]
873,[Mon 1745884800 Apr 29 00:00:00 2025]
874,[Mon 1745884800 Apr 29 00:00:00 2025]
875,[Mon 1745884800 Apr 29 00:00:00 2025]
876,[Mon 1745884800 Apr 29 00:00:00 2025]
877,[Mon 1745884800 Apr 29 00:00:00 2025]
878,[Mon 1745884800 Apr 29 00:00:00 2025]
879,[Mon 1745884800 Apr 29 00:00:00 2025]
880,[Mon 1745884800 Apr 29 00:00:00 2025]
881,[Mon 1745884800 Apr 29 00:00:00 2025]
882,[Mon 1745884800 Apr 29 00:00:00 2025]
883,[Mon 1745884800 Apr 29 00:00:00 2025]
884,[Mon 1745884800 Apr 29 00:00:00 2025]
885,[Mon 1745884800 Apr 29 00:00:00 2025]
886,[Mon 1745884800 Apr 29 00:00:00 2025]
887,[Mon 1745884800 Apr 29 00:00:00 2025]
888,[Mon 1745884800 Apr 29 00:00:00 2025]
889,[Mon 1745884800 Apr 29 00:00:00 2025]
890,[Mon 1745884800 Apr 29 00:00:00 2025]
891,[Mon 1745884800 Apr 29 00:00:00 2025]
892,[Mon 1745884800 Apr 29 00:00:00 2025]
893,[Mon 1745884800 Apr 29 00:00:00 2025]
894,[Mon 1745884800 Apr 29 00:00:00 2025]
895,[Mon 1745884800 Apr 29 00:00:00 2025]
896,[Mon 1745884800 Apr 29 00:00:00 2025]
897,[Mon 1745884800 Apr 29 00:00:00 2025]
898,[Mon 1745884800 Apr 29 00:00:00 2025]
899,[Mon 1745884800 Apr 29 00:00:00 2025]
900,[Mon 1745884800 Apr 29 00:00:00 2025]
901,[Mon 1745884800 Apr 29 00:00:00 2025]
902,[Mon 1745884800 Apr 29 00:00:00 2025]
903,[Mon 1745884800 Apr 29 00:00:00 2025]
904,[Mon 1745884800 Apr 29 00:00:00 2025]
905,[Mon 1745884800 Apr 29 00:00:00 2025]
906,[Mon 1745884800 Apr 29 00:00:00 2025]
907,[Mon 1745884800 Apr 29 00:00:00 2025]
908,[Mon 1745884800 Apr 29 00:00:00 2025]
909,[Mon 1745884800 Apr 29 00:00:00 2025]
910,[Mon 1745884800 Apr 29 00:00:00 2025]
911,[Mon 1745884800 Apr 29 00:00:00 2025]
912,[Mon 1745884800 Apr 29 00:00:00 2025]
913,[Mon 1745884800 Apr 29 00:00:00 2025]
914,[Mon 1745884800 Apr 29 00:00:00 2025]
915,[Mon 1745884800 Apr 29 00:00:00 2025]
916,[Mon 1745884800 Apr 29 00:00:00 2025]
917,[Mon 1745884800 Apr 29 00:00:00 2025]
918,[Mon 1745884800 Apr 29 00:00:00 2025]
919,[Mon 1745884800 Apr 29 00:00:00 2025]
920,[Mon 1745884800 Apr 29 00:00:00 2025]
921,[Mon 1745884800 Apr 29 00:00:00 2025]
922,[Mon 1745884800 Apr 29 00:00:00 2025]
923,[Mon 1745884800 Apr 29 00:00:00 2025]
924,[Mon 1745884800 Apr 29 00:00:00 2025]
925,[Mon 1745884800 Apr 29 00:00:00 2025]
926,[Mon 1745884800 Apr 29 00:00:00 2025]
927,[Mon 1745884800 Apr 29 00:00:00 2025]
928,[Mon 1745884800 Apr 29 00:00:00 2025]
929,[Mon 1745884800 Apr 29 00:00:00 2025]
930,[Mon 1745884800 Apr 29 00:00:00 2025]
931,[Mon 1745884800 Apr 29 00:00:00 2025]
932,[Mon 1745884800 Apr 29 00:00:00 2025]
933,[Mon 1745884800 Apr 29 00:00:00 2025]
934,[Mon 1745884800 Apr 29 00:00:00 2025]
935,[Mon 1745884800 Apr 29 00:00:00 2025]
936,[Mon 1745884800 Apr 29 00:00:00 2025]
937,[Mon 1745884800 Apr 29 00:00:00 2025]
938,[Mon 1745884800 Apr 29 00:00:00 2025]
939,[Mon 1745884800 Apr 29 00:00:00 2025]
940,[Mon 1745884800 Apr 29 00:00:00 2025]
941,[Mon 1745884800 Apr 29 00:00:00 2025]
942,[Mon 1745884800 Apr 29 00:00:00 2025]
943,[Mon 1745884800 Apr 29 00:00:00 2025]
944,[Mon 1745884800 Apr 29 00:00:00 2025]
945,[Mon 1745884800 Apr 29 00:00:00 2025]
946,[Mon 1745884800 Apr 29 00:00:00 2025]
947,[Mon 1745884800 Apr 29 00:00:00 2025]
948,[Mon 1745884800 Apr 29 00:00:00 2025]
949,[Mon 1745884800 Apr 29 00:00:00 2025]
950,[Sun 1745884800 Apr 29 00:00:00 2025]
951,[Sun 1745884800 Apr 29 00:00:00 2025]
952,[Sun 1745884800 Apr 29 00:00:00 2025]
953,[Sun 1745884800 Apr 29 00:00:00 2025]
954,[Sun 1745884800 Apr 29 00:00:00 2025]
955,[Sun 1745884800 Apr 29 00:00:00 2025]
956,[Sun 1745884800 Apr 29 00:00:00 2025]
957,[Sun 1745884800 Apr 29 00:00:00 2025]
958,[Sun 1745884800 Apr 29 00:00:00 2025]
959,[Sun 1745884800 Apr 29 00:00:00 2025]
960,[Sun 1745884800 Apr 29 00:00:00 2025]
961,[Sun 1745884800 Apr 29 00:00:00 2025]
962,[Sun 1745884800 Apr 29 00:00:00 2025]
963,[Sun 1745884800 Apr 29 00:00:00 2025]
964,[Sun 1745884800 Apr 29 00:00:00 2025]
965,[Sun 1745884800 Apr 29 00:00:00 2025]
966,[Sun 1745884800 Apr 29 00:00:00 2025]
967,[Sun 1745884800 Apr 29 00:00:00 2025]
968,[Sun 1745884800 Apr 29 00:00:00 2025]
969,[Sun 1745884800 Apr 29 00:00:00 2025]
970,[Sun 1745884800 Apr 29 00:00:00 2025]
971,[Sun 1745884800 Apr 29 00:00:00 2025]
972,[Sun 1745884800 Apr 29 00:00:00 2025]
973,[Sun 1745884800 Apr 29 00:00:00 2025]
974,[Sun 1745884800 Apr 29 00:00:00 2025]
975,[Sun 1745884800 Apr 29 00:00:00 2025]
976,[Sun 1745884800 Apr 29 00:00:00 2025]
977,[Sun 1745884800 Apr 29 00:00:00 2025]
978,[Sun 1745884800 Apr 29 00:00:00 2025]
979,[Sun 1745884800 Apr 29 00:00:00 2025]
980,[Sun 1745884800 Apr 29 00:00:00 2025]
981,[Sun 1745884800 Apr 29 00:00:00 2025]
982,[Sun 1745884800 Apr 29 00:00:00 2025]
983,[Sun 1745884800 Apr 29 00:00:00 2025]
984,[Sun 1745884800 Apr 29 00:00:00 2025]
985,[Sun 1745884800 Apr 29 00:00:00 2025]
986,[Sun 1745884800 Apr 29 00:00:00 2025]
987,[Sun 1745884800 Apr 29 00:00:00 2025]
988,[Sun 1745884800 Apr 29 00:00:00 2025]
989,[Sun 1745884800 Apr 29 00:00:00 2025]
990,[Sun 1745884800 Apr 29 00:00:00 2025]
991,[Sun 1745884800 Apr 29 00:00:00 2025]
992,[Sun 1745884800 Apr 29 00:00:00 2025]
993,[Sun 1745884800 Apr 29 00:00:00 2025]
994,[Sun 1745884800 Apr 29 00:00:00 2025]
995,[Sun 1745884800 Apr 29 00:00:00 2025]
996,[Sun 1745884800 Apr 29 00:00:00 2025]
997,[Sun 1745884800 Apr 29 00:00:00 2025]
998,[Sun 1745884800 Apr 29 00:00:00 2025]
999,[Sun 1745884800 Apr 29 00:00:00 2025]
1000,[Sun 1745884800 Apr 29 00:00:00 2025]
1001,[Sun 1745884800 Apr 29 00:00:00 2025]
1002,[Sun 1745884800 Apr 29 00:00:00 2025]
1003,[Sun 1745884800 Apr 29 00:00:00 2025]
1004,[Sun 1745884800 Apr 29 00:00:00 2025]
1005,[Sun 1745884800 Apr 29 00:00:00 2025]
1006,[Sun 1745884800 Apr 29 00:00:00 2025]
1007,[Sun 1745884800 Apr 29 00:00:00 2025]
1008,[Sun 1745884800 Apr 29 00:00:00 2025]
1009,[Sun 1745884800 Apr 29 00:00:00 2025]
1010,[Sun 1745884800 Apr 29 00:00:00 2025]
1011,[Sun 1745884800 Apr 29 00:00:00 2025]
1012,[Sun 1745884800 Apr 29 00:00:00 2025]
1013,[Sun 1745884800 Apr 29 00:00:00 2025]
1014,[Sun 1745884800 Apr 29 00:00:00 2025]
1015,[Sun 1745884800 Apr 29 00:00:00 2025]
1016,[Sun 1745884800 Apr 29 00:00:00 2025]
1017,[Sun 1745884800 Apr 29 00:00:00 2025]
1018,[Sun 1745884800 Apr 29 00:00:00 2025]
1019,[Sun 1745884800 Apr 29 00:00:00 2025]
1020,[Sun 1745884800 Apr 29 00:00:00 2025]
1021,[Sun 1745884800 Apr 29 00:00:00 2025]
1022,[Sun 1745884800 Apr 29 00:00:00 2025]
1023,[Sun 1745884800 Apr 29 00:00:00 2025]
1024,[Sun 1745884800 Apr 29 00:00:00 2025]
1025,[Sun 1745884800 Apr 29 00:00:00 2025]
1026,[Sun 1745884800 Apr 29 00:00:00 2025]
1027,[Sun 1745884800 Apr 29 00:00:00 2025]
1028,[Sun 1745884800 Apr 29 00:00:00 2025]
1029,[Sun 1745884800 Apr 29 00:00:00 2025]
1030,[Sun 1745884800 Apr 29 00:00:00 2025]
1031,[Sun 1745884800 Apr 29 00:00:00 2025]
1032,[Sun 1745884800 Apr 29 00:00:00 2025]
1033,[Sun 1745884800 Apr 29 00:00:00 2025]
1034,[Sun 1745884800 Apr 29 00:00:00 2025]
1035,[Sun 1745884800 Apr 29 00:00:00 2025]
1036,[Sun 1745884800 Apr 29 00:00:00 2025]
1037,[Sun 1745884800 Apr 29 00:00:00 2025]
1038,[Sun 1745884800 Apr 29 00:00:00 2025]
1039,[Sun 1745884800 Apr 29 00:00:00 2025]
1040,[Sun 1745884800 Apr 29 00:00:00 2025]
1041,[Sun 1745884800 Apr 29 00:00:00 2025]
1042,[Sun 1745884800 Apr 29 00:00:00 2025]
1043,[Sun 1745884800 Apr 29 00:00:00 2025]
1044,[Sun 1745884800 Apr 29 00:00:00 2025]
1045,[Sun 1745884800 Apr 29 00:00:00 2025]
1046,[Sun 1745884800 Apr 29 00:00:00 2025]
1047,[Sun 1745884800 Apr 29 00:00:00 2025]
1048,[Sun 1745884800 Apr 29 00:00:00 2025]
1049,[Sun 1745884800 Apr 29 00:00:00 2025]
1050,[Sun 1745884800 Apr 29 00:00:00 2025]
1051,[Sun 1745884800 Apr 29 00:00:00 2025]
1052,[Sun 1745884800 Apr 29 00:00:00 2025]
1053,[Sun 1745884800 Apr 29 00:00:00 2025]
1054,[Sun 1745884800 Apr 29 00:00:00 2025]
1055,[Sun 1745884800 Apr 29 00:00:00 2025]
1056,[Sun 1745884800 Apr 29 00:00:00 2025]
1057,[Sun 1745884800 Apr 29 00:00:00 2025]
1058,[Sun 1745884800 Apr 29 00:00:00 2025]
1059,[Sun 1745884800 Apr 29 00:00:00 2025]
1060,[Sun 1745884800 Apr 29 00:00:00 2025]
1061,[Sun 1745884800 Apr 29 00:00:00 2025]
1062,[Sun 1745884800 Apr 29 00:00:00 2025]
1063,[Sun 1745884800 Apr 29 00:00:00 2025]
1064,[Sun 1745884800 Apr 29 00:00:00 2025]
1065,[Sun 1745884800 Apr 29 00:00:00 2025]
1066,[Sun 1745884800 Apr 29 00:00:00 2025]
1067,[Sun 1745884800 Apr 29 00:00:00 2025]
1068,[Sun 1745884800 Apr 29 00:00:00 2025]
1069,[Sun 1745884800 Apr 29 00:00:00 2025]
1070,[Sun 1745884800 Apr 29 00:00:00 2025]
1071,[Sun 1745884800 Apr 29 00:00:00 2025]
1072,[Sun 1745884800 Apr 29 00:00:00 2025]
1073,[Sun 1745884800 Apr 29 00:00:00 2025]
1074,[Sun 1745884800 Apr 29 00:00:00 2025]
1075,[Sun 1745884800 Apr 29 00:00:00 2025]
1076,[Sun 1745884800 Apr 29 00:00:00 2025]
1077,[Sun 1745884800 Apr 29 00:00:00 2025]
1078,[Sun 1745884800 Apr 29 00:00:00 2025]
1079,[Sun 1745884800 Apr 29 00:00:00 2025]
1080,[Sun 1745884800 Apr 29 00:00:00 2025]
1081,[Sun 1745884800 Apr 29 00:00:00 2025]
1082,[Sun 1745884800 Apr 29 00:00:00 2025]
1083,[Sun 1745884800 Apr 29 00:00:00 2025]
1084,[Sun 1745884800 Apr 29 00:00:00 2025]
1085,[Sun 1745884800 Apr 29 00:00:00 2025]
1086,[Sun 1745884800 Apr 29 00:00:00 2025]
1087,[Sun 1745884800 Apr 29 00:00:00 2025]
1088,[Sun 1745884800 Apr 29 00:00:00 2025]
1089,[Sun 1745884800 Apr 29 00:00:00 2025]
1090,[Sun 1745884800 Apr 29 00:00:00 2025]
1091,[Sun 1745884800 Apr 29 00:00:00 2025]
1092,[Sun 1745884800 Apr 29 00:00:00 2025]
1093,[Sun 1745884800 Apr 29 00:00:00 2025]
1094,[Sun 1745884800 Apr 29 00:00:00 2025]
1095,[Sun 1745884800 Apr 29 00:00:00 2025]
1096,[Sun 1745884800 Apr 29 00:00:00 2025]
1097,[Sun 1745884800 Apr 29 00:00:00 2025]
1098,[Sun 1745884800 Apr 29 00:00:00 2025]
1099,[Sun 1745884800 Apr 29 00:00:00 2025]
1100,[Sun 1745884800 Apr 29 00:00:00 2025]
1101,[Sun 1745884800 Apr 29 00:00:00 2025]
1102,[Sun 1745884800 Apr 29 00:00:00 2025]
1103,[Sun 1745884800 Apr 29 00:00:00 2025]
1104,[Sun 1745884800 Apr 29 00:00:00 2025]
1105,[Sun 1745884800 Apr 29 00:00:00 2025]
1106,[Sun 1745884800 Apr 29 00:00:00 2025]
1107,[Sun 1745884800 Apr 29 00:00:00 2025]
1108,[Sun 1745884800 Apr 29 00:00:00 2025]
1109,[Sun 1745884800 Apr 29 00:00:00 2025]
1110,[Sun 1745884800 Apr 29 00:00:00 2025]
1111,[Sun 1745884800 Apr 29 00:00:00 2025]
1112,[Sun 1745884800 Apr 29 00:00:00 2025]
1113,[Sun 1745884800 Apr 29 00:00:00 2025]
1114,[Sun 1745884800 Apr 29 00:00:00 2025]
1115,[Sun 1745884800 Apr 29 00:00:00 2025]
1116,[Sun 1745884800 Apr 29 00:00:00 2025]
1117,[Sun 1745884800 Apr 29 00:00:00 2025]
1118,[Sun 1745884800 Apr 29 00:00:00 2025]
1119,[Sun 1745884800 Apr 29 00:00:00 2025]
1120,[Sun 1745884800 Apr 29 00:00:00 2025]
1121,[Sun 1745884800 Apr 29 00:00:00 2025]
1122,[Sun 1745884800 Apr 29 00:00:00 2025]
1123,[Sun 1745884800 Apr 29 00:00:00 2025]
1124,[Sun 1745884800 Apr 29 00:00:00 2025]
1125,[Sun 1745884800 Apr 29 00:00:00 2025]
1126,[Sun 1745884800 Apr 29 00:00:00 2025]
1127,[Sun 1745884800 Apr 29 00:00:00 2025]
1128,[Sun 1745884800 Apr 29 00:00:00 2025]
1129,[Sun 1745884800 Apr 29 00:00:00 2025]
1130,[Sun 1745884800 Apr 29 00:00:00 2025]
1131,[Sun 1745884800 Apr 29 00:00:00 2025]
1132,[Sun 1745884800 Apr 29 00:00:00 2025]
1133,[Sun 1745884800 Apr 29 00:00:00 2025]
1134,[Sun 1745884800 Apr 29 00:00:00 2025]
1135,[Sun 1745884800 Apr 29 00:00:00 2025]
1136,[Sun 1745884800 Apr 29 00:00:00 2025]
1137,[Sun 1745884800 Apr 29 00:00:00 2025]
1138,[Sun 1745884800 Apr 29 00:00:00 2025]
1139,[Sun 1745884800 Apr 29 00:00:00 2025]
1140,[Sun 1745884800 Apr 29 00:00:00 2025]
1141,[Sun 1745884800 Apr 29 00:00:00 2025]
1142,[Sun 1745884800 Apr 29 00:00:00 2025]
1143,[Sun 1745884800 Apr 29 00:00:00 2025]
1144,[Sun 1745884800 Apr 29 00:00:00 2025]
1145,[Sun 1745884800 Apr 29 00:00:00 2025]
1146,[Sun 1745884800 Apr 29 00:00:00 2025]
1147,[Sun 1745884800 Apr 29 00:00:00 2025]
1148,[Sun 1745884800 Apr 29 00:00:00 2025]
1149,[Sun 1745884800 Apr 29 00:00:00 2025]
1150,[Sun 1745884800 Apr 29 00:00:00 2025]
1151,[Sun 1745884800 Apr 29 00:00:00 2025]
1152,[Sun 1745884800 Apr 29 00:00:00 2025]
1153,[Sun 1745884800 Apr 29 00:00:00 2025]
1154,[Sun 1745884800 Apr 29 00:00:00 2025]
1155,[Sun 1745884800 Apr 29 00:00:00 2025]
1156,[Sun 1745884800 Apr 29 00:00:00 2025]
1157,[Sun 1745884800 Apr 29 00:00:00 2025]
1158,[Sun 1745884800 Apr 29 00:00:00 2025]
1159,[Sun 1745884800 Apr 29 00:00:00 2025]
1160,[Sun 1745884800 Apr 29 00:00:00 2025]
1161,[Sun 1745884800 Apr 29 00:00:00 2025]
1162,[Sun 1745884800 Apr 29 00:00:00 2025]
1163,[Sun 1745884800 Apr 29 00:00:00 2025]
1164,[Sun 1745884800 Apr 29 00:00:00 2025]
1165,[Sun 1745884800 Apr 29 00:00:00 2025]
1166,[Sun 1745884800 Apr 29 00:00:00 2025]
1167,[Sun 1745884800 Apr 29 00:00:00 2025]
1168,[Sun 1745884800 Apr 29 00:00:00 2025]
1169,[Sun 1745884800 Apr 29 00:00:00 2025]
1170,[Sun 1745884800 Apr 29 00:00:00 2025]
1171,[Sun 1745884800 Apr 29 00:00:00 2025]
1172,[Sun 1745884800 Apr 29 00:00:00 2025]
1173,[Sun 1745884800 Apr 29 00:00:00 2025]
1174,[Sun 1745884800 Apr 29 00:00:00 2025]
1175,[Sun 1745884800 Apr 29 00:00:00 2025]
1176,[Sun 1745884800 Apr 29 00:00:00 2025]
1177,[Sun 1745884800 Apr 29 00:00:00 2025]
1178,[Sun 1745884800 Apr 29 00:00:00 2025]
1179,[Sun 1745884800 Apr 29 00:00:00 2025]
1180,[Sun 1745884800 Apr 29 00:00:00 2025]
1181,[Sun 1745884800 Apr 29 00:00:00 2025]
1182,[Sun 1745884800 Apr 29 00:00:00 2025]
1183,[Sun 1745884800 Apr 29 00:00:00 2025]
1184,[Sun 1745884800 Apr 29 00:00:00 2025]
1185,[Sun 1745884800 Apr 29 00:00:00 2025]
1186,[Sun 1745884800 Apr 29 00:00:00 2025]
1187,[Sun 1745884800 Apr 29 00:00:00 2025]
1188,[Sun 1745884800 Apr 29 00:00:00 2025]
1189,[Sun 1745884800 Apr 29 00:00:00 2025]
1190,[Sun 1745884800 Apr 29 00:00:00 2025]
1191,[Sun 1745884800 Apr 29 00:00:00 2025]
1192,[Sun 1745884800 Apr 29 00:00:00 2025]
1193,[Sun 1745884800 Apr 29 00:00:00 2025]
1194,[Sun 1745884800 Apr 29 00:00:00 2025]
1195,[Sun 1745884800 Apr 29 00:00:00 2025]
1196,[Sun 1745884800 Apr 29 00:00:00 2025]
1197,[Sun 1745884800 Apr 29 00:00:00 2025]
1198,[Sun 1745884800 Apr 29 00:00:00 2025]
1199,[Sun 1745884800 Apr 29 00:00:00 2025]
1200,[Sun 1745884800 Apr 29 00:00:00 2025]
1201,[Sun 1745884800 Apr 29 00:00:00 2025]
1202,[Sun 1745884800 Apr 29 00:00:00 2025]
1203,[Sun 1745884800 Apr 29 00:00:00 2025]
1204,[Sun 1745884800 Apr 29 00:00:00 2025]
1205,[Sun 1745884800 Apr 29 00:00:00 2025]
1206,[Sun 1745884800 Apr 29 00:00:00 2025]
1207,[Sun 1745884800 Apr 29 00:00:00 2025]
1208,[Sun 1745884800 Apr 29 00:00:00 2025]
1209,[Sun 1745884800 Apr 29 00:00:00 2025]
1210,[Sun 1745884800 Apr 29 00:00:00 2025]
1211,[Sun 1745884800 Apr 29 00:00:00 2025]
1212,[Sun 1745884800 Apr 29 00:00:00 2025]
1213,[Sun 1745884800 Apr 29 00:00:00 2025]
1214,[Sun 1745884800 Apr 29 00:00:00 2025]
1215,[Sun 1745884800 Apr 29 00:00:00 2025]
1216,[Sun 1745884800 Apr 29 00:00:00 2025]
1217,[Sun 1745884800 Apr 29 00:00:00 2025]
1218,[Sun 1745884800 Apr 29 00:00:00 2025]
1219,[Sun 1745884800 Apr 29 00:00:00 2025]
1220,[Sun 1745884800 Apr 29 00:00:00 2025]
1221,[Sun 1745884800 Apr 29 00:00:00 2025]
1222,[Sun 1745884800 Apr 29 00:00:00 2025]
1223,[Sun 1745884800 Apr 29 00:00:00 2025]
1224,[Sun 1745884800 Apr 29 00:00:00 2025]
1225,[Sun 1745884800 Apr 29 00:00:00 2025]
1226,[Sun 1745884800 Apr 29 00:00:00 2025]
1227,[Sun 1745884800 Apr 29 00:00:00 2025]
1228,[Sun 1745884800 Apr 29 00:00:00 2025]
1229,[Sun 1745884800 Apr 29 00:00:00 2025]
1230,[Sun 1745884800 Apr 29 00:00:00 2025]
1231,[Sun 1745884800 Apr 29 00:00:00 2025]
1232,[Sun 1745884800 Apr 29 00:00:00 2025]
1233,[Sun 1745884800 Apr 29 00:00:00 2025]
1234,[Sun 1745884800 Apr 29 00:00:00 2025]
1235,[Sun 1745884800 Apr 29 00:00:00 2025]
1236,[Sun 1745884800 Apr 29 00:00:00 2025]
1237,[Sun 1745884800 Apr 29 00:00:00 2025]
1238,[Sun 1745884800 Apr 29 00:00:00 2025]
1239,[Sun 1745884800 Apr 29 00:00:00 2025]
1240,[Sun 1745884800 Apr 29 00:00:00 2025]
1241,[Sun 1745884800 Apr 29 00:00:00 2025]
1242,[Sun 1745884800 Apr 29 00:00:00 2025]
1243,[Sun 1745884800 Apr 29 00:00:00 2025]
1244,[Sun 1745884800 Apr 29 00:00:00 2025]
1245,[Sun 1745884800 Apr 29 00:00:00 2025]
1246,[Sun 1745884800 Apr 29 00:00:00 2025]
1247,[Sun 1745884800 Apr 29 00:00:00 2025]
1248,[Sun 1745884800 Apr 29 00:00:00 2025]
1249,[Sun 1745884800 Apr 29 00:00:00 2025]
1250,[Sun 1745884800 Apr 29 00:00:00 2025]
1251,[Sun 1745884800 Apr 29 00:00:00 2025]
1252,[Sun 1745884800 Apr 29 00:00:00 2025]
1253,[Sun 1745884800 Apr 29 00:00:00 2025]
1254,[Sun 1745884800 Apr 29 00:00:00 2025]
1255,[Sun 1745884800 Apr 29 00:00:00 2025]
1256,[Sun 1745884800 Apr 29 00:00:00 2025]
1257,[Sun 1745884800 Apr 29 00:00:00 2025]
1258,[Sun 1745884800 Apr 29 00:00:00 2025]
1259,[Sun 1745884800 Apr 29 00:00:00 2025]
1260,[Sun 1745884800 Apr 29 00:00:00 2025]
1261,[Sun 1745884800 Apr 29 00:00:00 2025]
1262,[Sun 1745884800 Apr 29 00:00:00 2025]
1263,[Sun 1745884800 Apr 29 00:00:00 2025]
1264,[Sun 1745884800 Apr 29 00:00:00 2025]
1265,[Sun 1745884800 Apr 29 00:00:00 2025]
1266,[Sun 1745884800 Apr 29 00:00:00 2025]
1267,[Sun 1745884800 Apr 29 00:00:00 2025]
1268,[Sun 1745884800 Apr 29 00:00:00 2025]
1269,[Sun 1745884800 Apr 29 00:00:00 2025]
1270,[Sun 1745884800 Apr 29 00:00:00 2025]
1271,[Sun 1745884800 Apr 29 00:00:00 2025]
1272,[Sun 1745884800 Apr 29 00:00:00 2025]
1273,[Sun 1745884800 Apr 29 00:00:00 2025]
1274,[Sun 1745884800 Apr 29 00:00:00 2025]
1275,[Sun 1745884800 Apr 29 00:00:00 2025]
1276,[Sun 1745884800 Apr 29 00:00:00 2025]
1277,[Sun 1745884800 Apr 29 00:00:00 2025]
1278,[Sun 1745884800 Apr 29 00:00:00 2025]
1279,[Sun 1745884800 Apr 29 00:00:00 2025]
1280,[Sun 1745884800 Apr 29 00:00:00 2025]
1281,[Sun 1745884800 Apr 29 00:00:00 2025]
1282,[Sun 1745884800 Apr 29 00:00:00 2025]
1283,[Sun 1745884800 Apr 29 00:00:00 2025]
1284,[Sun 1745884800 Apr 29 00:00:00 2025]
1285,[Sun 1745884800 Apr 29 00:00:00 2025]
1286,[Sun 1745884800 Apr 29 00:00:00 2025]
1287,[Sun 1745884800 Apr 29 00:00:00 2025]
1288,[Sun 1745884800 Apr 29 00:00:00 2025]
1289,[Sun 1745884800 Apr 29 00:00:00 2025]
1290,[Sun 1745884800 Apr 29 00:00:00 2025]
1291,[Sun 1745884800 Apr 29 00:00:00 2025]
1292,[Sun 1745884800 Apr 29 00:00:00 2025]
1293,[Sun 1745884800 Apr 29 00:00:00 2025]
1294,[Sun 1745884800 Apr 29 00:00:00 2025]
1295,[Sun 1745884800 Apr 29 00:00:00 2025]
1296,[Sun 1745884800 Apr 29 00:00:00 2025]
1297,[Sun 1745884800 Apr 29 00:00:00 2025]
1298,[Sun 1745884800 Apr 29 00:00:00 2025]
1299,[Sun 1745884800 Apr 29 00:00:00 2025]
1300,[Sun 1745884800 Apr 29 00:00:00 2025]
1301,[Sun 1745884800 Apr 29 00:00:00 2025]
1302,[Sun 1745884800 Apr 29 00:00:00 2025]
1303,[Sun 1745884800 Apr 29 00:00:00 2025]
1304,[Sun 1745884800 Apr 29 00:00:00 2025]
1305,[Sun 1745884800 Apr 29 00:00:00 2025]
1306,[Sun 1745884800 Apr 29 00:00:00 2025]
1307,[Sun 1745884800 Apr 29 00:00:00 2025]
1308,[Sun 1745884800 Apr 29 00:00:00 2025]
1309,[Sun 1745884800 Apr 29 00:00:00 2025]
1310,[Sun 1745884800 Apr 29 00:00:00 2025]
1311,[Sun 1745884800 Apr 29 00:00:00 2025]
1312,[Sun 1745884800 Apr 29 00:00:00 2025]
1313,[Sun 1745884800 Apr 29 00:00:00 2025]
1314,[Sun 1745884800 Apr 29 00:00:00 2025]
1315,[Sun 1745884800 Apr 29 00:00:00 2025]
1316,[Sun 1745884800 Apr 29 00:00:00 2025]
1317,[Sun 1745884800 Apr 29 00:00:00 2025]
1318,[Sun 1745884800 Apr 29 00:00:00 2025]
1319,[Sun 1745884800 Apr 29 00:00:00 2025]
1320,[Sun 1745884800 Apr 29 00:00:00 2025]
1321,[Sun 1745884800 Apr 29 00:00:00 2025]
1322,[Sun 1745884800 Apr 29 00:00:00 2025]
1323,[Sun 1745884800 Apr 29 00:00:00 2025]
1324,[Sun 1745884800 Apr 29 00:00:00 2025]
1325,[Sun 1745884800 Apr 29 00:00:00 2025]
1326,[Sun 1745884800 Apr 29 00:00:00 2025]
1327,[Sun 1745884800 Apr 29 00:00:00 2025]
1328,[Sun 1745884800 Apr 29 00:00:00 2025]
1329,[Sun 1745884800 Apr 29 00:00:00 2025]
1330,[Sun 1745884800 Apr 29 00:00:00 2025]
1331,[Sun 1745884800 Apr 29 00:00:00 2025]
1332,[Sun 1745884800 Apr 29 00:00:00 2025]
1333,[Sun 1745884800 Apr 29 00:00:00 2025]
1334,[Sun 1745884800 Apr 29 00:00:00 2025]
1335,[Sun 1745884800 Apr 29 00:00:00 2025]
1336,[Sun 1745884800 Apr 29 00:00:00 2025]
1337,[Sun 1745884800 Apr 29 00:00:00 2025]
1338,[Sun 1745884800 Apr 29 00:00:00 2025]
1339,[Sun 1745884800 Apr 29 00:00:00 2025]
1340,[Sun 1745884800 Apr 29 00:00:00 2025]
1341,[Sun 1745884800 Apr 29 00:00:00 2025]
1342,[Sun 1745884800 Apr 29 00:00:00 2025]
1343,[Sun 1745884800 Apr 29 00:00:00 2025]
1344,[Sun 1745884800 Apr 29 00:00:00 2025]
1345,[Sun 1745884800 Apr 29 00:00:00 2025]
1346,[Sun 1745884800 Apr 29 00:00:00 2025]
1347,[Sun 1745884800 Apr 29 00:00:00 2025]
1348,[Sun 1745884800 Apr 29 00:00:00 2025]
1349,[Sun 1745884800 Apr 29 00:00:00 2025]
1350,[Sun 1745884800 Apr 29 00:00:00 2025]
1351,[Sun 1745884800 Apr 29 00:00:00 2025]
1352,[Sun 1745884800 Apr 29 00:00:00 2025]
1353,[Sun 1745884800 Apr 29 00:00:00 2025]
1354,[Sun 1745884800 Apr 29 00:00:00 2025]
1355,[Sun 1745884800 Apr 29 00:00:00 2025]
1356,[Sun 1745884800 Apr 29 00:00:00 2025]
1357,[Sun 1745884800 Apr 29 00:00:00 2025]
1358,[Sun 1745884800 Apr 29 00:00:00 2025]
1359,[Sun 1745884800 Apr 29 00:00:00 2025]
1360,[Sun 1745884800 Apr 29 00:00:00 2025]
1361,[Sun 1745884800 Apr 29 00:00:00 2025]
1362,[Sun 1745884800 Apr 29 00:00:00 2025]
1363,[Sun 1745884800 Apr 29 00:00:00 2025]
1364,[Sun 1745884800 Apr 29 00:00:00 2025]
1365,[Sun 1745884800 Apr 29 00:00:00 2025]
1366,[Sun 1745884800 Apr 29 00:00:00 2025]
1367,[Sun 1745884800 Apr 29 00:00:00 2025]
1368,[Sun 1745884800 Apr 29 00:00:00 2025]
1369,[Sun 1745884800 Apr 29 00:00:00 2025]
1370,[Sun 1745884800 Apr 29 00:00:00 2025]
1371,[Sun 1745884800 Apr 29 00:00:00 2025]
1372,[Sun 1745884800 Apr 29 00:00:00 2025]
1373,[Sun 1745884800 Apr 29 00:00:00 2025]
1374,[Sun 1745884800 Apr 29 00:00:00 2025]
1375,[Sun 1745884800 Apr 29 00:00:00 2025]
1376,[Sun 1745884800 Apr 29 00:00:00 2025]
1377,[Sun 1745884800 Apr 29 00:00:00 2025]
1378,[Sun 1745884800 Apr 29 00:00:00 2025]
1379,[Sun 1745884800 Apr 29 00:00:00 2025]
1380,[Sun 1745884800 Apr 29 00:00:00 2025]
1381,[Sun 1745884800 Apr 29 00:00:00 2025]
1382,[Sun 1745884800 Apr 29 00:00:00 2025]
1383,[Sun 1745884800 Apr 29 00:00:00 2025]
1384,[Sun 1745884800 Apr 29 00:00:00 2025]
1385,[Sun 1745884800 Apr 29 00:00:00 2025]
1386,[Sun 1745884800 Apr 29 00:00:00 2025]
1387,[Sun 1745884800 Apr 29 00:00:00 2025]
1388,[Sun 1745884800 Apr 29 00:00:00 2025]
1389,[Sun 1745884800 Apr 29 00:00:00 2025]
1390,[Sun 1745884800 Apr 29 00:00:00 2025]
1391,[Sun 1745884800 Apr 29 00:00:00 2025]
1392,[Sun 1745884800 Apr 29 00:00:00 2025]
1393,[Sun 1745884800 Apr 29 00:00:00 2025]
1394,[Sun 1745884800 Apr 29 00:00:00 2025]
1395,[Sun 1745884800 Apr 29 00:00:00 2025]
1396,[Sun 1745884800 Apr 29 00:00:00 2025]
1397,[Sun 1745884800 Apr 29 00:00:00 2025]
1398,[Sun 1745884800 Apr 29 00:00:00 2025]
1399,[Sun 1745884800 Apr 29 00:00:00 2025]
1400,[Sun 1745884800 Apr 29 00:00:00 2025]
1401,[Sun 1745884800 Apr 29 00:00:00 2025]
1402,[Sun 1745884800 Apr 29 00:00:00 2025]
1403,[Sun 1745884800 Apr 29 00:00:00 2025]
1404,[Sun 1745884800 Apr 29 00:00:00 2025]
1405,[Sun 1745884800 Apr 29 00:00:00 2025]
1406,[Sun 1745884800 Apr 29 00:00:00 2025]
1407,[Sun 1745884800 Apr 29 00:00:00 2025]
1408,[Sun 1745884800 Apr 29 00:00:00 2025]
1409,[Sun 1745884800 Apr 29 00:00:00 2025]
1410,[Sun 1745884800 Apr 29 00:00:00 2025]
1411,[Sun 1745884800 Apr 29 00:00:00 2025]
1412,[Sun 1745884800 Apr 29 00:00:00 2025]
1413,[Sun 1745884800 Apr 29 00:00:00 2025]
1414,[Sun 1745884800 Apr 29 00:00:00 2025]
1415,[Sun 1745884800 Apr 29 00:00:00 2025]
1416,[Sun 1745884800 Apr 29 00:00:00 2025]
1417,[Sun 1745884800 Apr 29 00:00:00 2025]
1418,[Sun 1745884800 Apr 29 00:00:00 2025]
1419,[Sun 1745884800 Apr 29 00:00:00 2025]
1420,[Sun 1745884800 Apr 29 00:00:00 2025]
1421,[Sun 1745884800 Apr 29 00:00:00 2025]
1422,[Sun 1745884800 Apr 29 00:00:00 2025]
1423,[Sun 1745884800 Apr 29 00:00:00 2025]
1424,[Sun 1745884800 Apr 29 00:00:00 2025]
1425,[Sun 1745884800 Apr 29 00:00:00 2025]
1426,[Sun 1745884800 Apr 29 00:00:00 2025]
1427,[Sun 1745884800 Apr 29 00:00:00 2025]
1428,[Sun 1745884800 Apr 29 00:00:00 2025]
1429,[Sun 1745884800 Apr 29 00:00:00 2025]
1430,[Sun 1745884800 Apr 29 00:00:00 2025]
1431,[Sun 1745884800 Apr 29 00:00:00 2025]
1432,[Sun 1745884800 Apr 29 00:00:00 2025]
1433,[Sun 1745884800 Apr 29 00:00:00 2025]
1434,[Sun 1745884800 Apr 29 00:00:00 2025]
1435,[Sun 1745884800 Apr 29 00:00:00 2025]
1436,[Sun 1745884800 Apr 29 00:00:00 2025]
1437,[Sun 1745884800 Apr 29 00:00:00 2025]
1438,[Sun 1745884800 Apr 29 00:00:00 2025]
1439,[Sun 1745884800 Apr 29 00:00:00 2025]
1440,[Sun 1745884800 Apr 29 00:00:00 2025]
1441,[Sun 1745884800 Apr 29 00:00:00 2025]
1442,[Sun 1745884800 Apr 29 00:00:00 2025]
1443,[Sun 1745884800 Apr 29 00:00:00 2025]
1444,[Sun 1745884800 Apr 29 00:00:00 2025]
1445,[Sun 1745884800 Apr 29 00:00:00 2025]
1446,[Sun 1745884800 Apr 29 00:00:00 2025]
1447,[Sun 1745884800 Apr 29 00:00:00 2025]
1448,[Sun 1745884800 Apr 29 00:00:00 2025]
1449,[Sun 1745884800 Apr 29 00:00:00 2025]
1450,[Sun 1745884800 Apr 29 00:00:00 2025]
1451,[Sun 1745884800 Apr 29 00:00:00 2025]
1452,[Sun 1745884800 Apr 29 00:00:00 2025]
1453,[Sun 1745884800 Apr 29 00:00:00 2025]
1454,[Sun 1745884800 Apr 29 00:00:00 2025]
1455,[Sun 1745884800 Apr 29 00:00:00 2025]
1456,[Sun 1745884800 Apr 29 00:00:00 2025]
1457,[Sun 1745884800 Apr 29 00:00:00 2025]
1458,[Sun 1745884800 Apr 29 00:00:00 2025]
1459,[Sun 1745884800 Apr 29 00:00:00 2025]
1460,[Sun 1745884800 Apr 29 00:00:00 2025]
1461,[Sun 1745884800 Apr 29 00:00:00 2025]
1462,[Sun 1745884800 Apr 29 00:00:00 2025]
1463,[Sun 1745884800 Apr 29 00:00:00 2025]
1464,[Sun 1745884800 Apr 29 00:00:00 2025]
1465,[Sun 1745884800 Apr 29 00:00:00 2025]
1466,[Sun 1745884800 Apr 29 00:00:00 2025]
1467,[Sun 1745884800 Apr 29 00:00:00 2025]
1468,[Sun 1745884800 Apr 29 00:00:00 2025]
1469,[Sun 1745884800 Apr 29 00:00:00 2025]
1470,[Sun 1745884800 Apr 29 00:00:00 2025]
1471,[Sun 1745884800 Apr 29 00:00:00 2025]
1472,[Sun 1745884800 Apr 29 00:00:00 2025]
1473,[Sun 1745884800 Apr 29 00:00:00 2025]
1474,[Sun 1745884800 Apr 29 00:00:00 2025]
1475,[Sun 1745884800 Apr 29 00:00:00 2025]
1476,[Sun 1745884800 Apr 29 00:00:00 2025]
1477,[Sun 1745884800 Apr 29 00:00:00 2025]
1478,[Sun 1745884800 Apr 29 00:00:00 2025]
1479,[Sun 1745884800 Apr 29 00:00:00 2025]
1480,[Sun 1745884800 Apr 29 00:00:00 2025]
1481,[Sun 1745884800 Apr 29 00:00:00 2025]
1482,[Sun 1745884800 Apr 29 00:00:00 2025]
1483,[Sun 1745884800 Apr 29 00:00:00 2025]
1484,[Sun 1745884800 Apr 29 00:00:00 2025]
1485,[Sun 1745884800 Apr 29 00:00:00 2025]
1486,[Sun 1745884800 Apr 29 00:00:00 2025]
1487,[Sun 1745884800 Apr 29 00:00:00 2025]
1488,[Sun 1745884800 Apr 29 00:00:00 2025]
1489,[Sun 1745884800 Apr 29 00:00:00 2025]
1490,[Sun 1745884800 Apr 29 00:00:00 2025]
1491,[Sun 1745884800 Apr 29 00:00:00 2025]
1492,[Sun 1745884800 Apr 29 00:00:00 2025]
1493,[Sun 1745884800 Apr 29 00:00:00 2025]
1494,[Sun 1745884800 Apr 29 00:00:00 2025]
1495,[Sun 1745884800 Apr 29 00:00:00 2025]
1496,[Sun 1745884800 Apr 29 00:00:00 2025]
1497,[Sun 1745884800 Apr 29 00:00:00 2025]
1498,[Sun 1745884800 Apr 29 00:00:00 2025]
1499,[Sun 1745884800 Apr 29 00:00:00 2025]
1500,[Sun 1745884800 Apr 29 00:00:00 2025]
1501,[Sun 1745884800 Apr 29 00:00:00 2025]
1502,[Sun 1745884800 Apr 29 00:00:00 2025]
1503,[Sun 1745884800 Apr 29 00:00:00 2025]
1504,[Sun 1745884800 Apr 29 00:00:00 2025]
1505,[Sun 1745884800 Apr 29 00:00:00 2025]
1506,[Sun 1745884800 Apr 29 00:00:00 2025]
1507,[Sun 1745884800 Apr 29 00:00:00 2025]
1508,[Sun 1745884800 Apr 29 00:00:00 2025]
1509,[Sun 1745884800 Apr 29 00:00:00 2025]
1510,[Sun 1745884800 Apr 29 00:00:00 2025]
1511,[Sun 1745884800 Apr 29 00:00:00 2025]
1512,[Sun 1745884800 Apr 29 00:00:00 2025]
1513,[Sun 1745884800 Apr 29 00:00:00 2025]
1514,[Sun 1745884800 Apr 29 00:00:00 2025]
1515,[Sun 1745884800 Apr 29 00:00:00 2025]
1516,[Sun 1745884800 Apr 29 00:00:00 2025]
1517,[Sun 1745884800 Apr 29 00:00:00 2025]
1518,[Sun 1745884800 Apr 29 00:00:00 2025]
1519,[Sun 1745884800 Apr 29 00:00:00 2025]
1520,[Sun 1745884800 Apr 29 00:00:00 2025]
1521,[Sun 1745884800 Apr 29 00:00:00 2025]
1522,[Sun 1745884800 Apr 29 00:00:00 2025]
1523,[Sun 1745884800 Apr 29 00:00:00 2025]
1524,[Sun 1745884800 Apr 29 00:00:00 2025]
1525,[Sun 1745884800 Apr 29 00:00:00 2025]
1526,[Sun 1745884800 Apr 29 00:00:00 2025]
1527,[Sun 1745884800 Apr 29 00:00:00 2025]
1528,[Sun 1745884800 Apr 29 00:00:00 2025]
1529,[Sun 1745884800 Apr 29 00:00:00 2025]
1530,[Sun 1745884800 Apr 29 00:00:00 2025]
1531,[Sun 1745884800 Apr 29 00:00:00 2025]
1532,[Sun 1745884800 Apr 29 00:00:00 2025]
1533,[Sun 1745884800 Apr 29 00:00:00 2025]
1534,[Sun 1745884800 Apr 29 00:00:00 2025]
1535,[Sun 1745884800 Apr 29 00:00:00 2025]
1536,[Sun 1745884800 Apr 29 00:00:00 2025]
1537,[Sun 1745884800 Apr 29 00:00:00 2025]
1538,[Sun 1745884800 Apr 29 00:00:00 2025]
1539,[Sun 1745884800 Apr 29 00:00:00 2025]
1540,[Sun 1745884800 Apr 29 00:00:00 2025]
1541,[Sun 1745884800 Apr 29 00:00:00 2025]
1542,[Sun 1745884800 Apr 29 00:00:00 2025]
1543,[Sun 1745884800 Apr 29 00:00:00 2025]
1544,[Sun 1745884800 Apr 29 00:00:00 2025]
1545,[Sun 1745884800 Apr 29 00:00:00 2025]
1546,[Sun 1745884800 Apr 29 00:00:00 2025]
1547,[Sun 1745884800 Apr 29 00:00:00 2025]
1548,[Sun 1745884800 Apr 29 00:00:00 2025]
1549,[Sun 1745884800 Apr 29 00:00:00 2025]
1550,[Sun 1745884800 Apr 29 00:00:00 2025]
1551,[Sun 1745884800 Apr 29 00:00:00 2025]
1552,[Sun 1745884800 Apr 29 00:00:00 2025]
1553,[Sun 1745884800 Apr 29 00:00:00 2025]
1554,[Sun 1745884800 Apr 29 00:00:00 2025]
1555,[Sun 1745884800 Apr 29 00:00:00 2025]
1556,[Sun 1745884800 Apr 29 00:00:00 2025]
1557,[Sun 1745884800 Apr 29 00:00:00 2025]
1558,[Sun 1745884800 Apr 29 00:00:00 2025]
1559,[Sun 1745884800 Apr 29 00:00:00 2025]
1560,[Sun 1745884800 Apr 29 00:00:00 2025]
1561,[Sun 1745884800 Apr 29 00:00:00 2025]
1562,[Sun 1745884800 Apr 29 00:00:00 2025]
1563,[Sun 1745884800 Apr 29 00:00:00 2025]
1564,[Sun 1745884800 Apr 29 00:00:00 2025]
1565,[Sun 1745884800 Apr 29 00:00:00 2025]
1566,[Sun 1745884800 Apr 29 00:00:00 2025]
1567,[Sun 1745884800 Apr 29 00:00:00 2025]
1568,[Sun 1745884800 Apr 29 00:00:00 2025]
1569,[Sun 1745884800 Apr 29 00:00:00 2025]
1570,[Sun 1745884800 Apr 29 00:00:00 2025]
1571,[Sun 1745884800 Apr 29 00:00:00 2025]
1572,[Sun 1745884800 Apr 29 00:00:00 2025]
1573,[Sun 1745884800 Apr 29 00:00:00 2025]
1574,[Sun 1745884800 Apr 29 00:00:00 2025]
1575,[Sun 1745884800 Apr 29 00:00:00 2025]
1576,[Sun 1745884800 Apr 29 00:00:00 2025]
1577,[Sun 1745884800 Apr 29 00:00:00 2025]
1578,[Sun 1745884800 Apr 29 00:00:00 2025]
1579,[Sun 1745884800 Apr 29 00:00:00 2025]
1580,[Sun 1745884800 Apr 29 00:00:00 2025]
1581,[Sun 1745884800 Apr 29 00:00:00 2025]
1582,[Sun 1745884800 Apr 29 00:00:00 2025]
1583,[Sun 1745884800 Apr 29 00:00:00 2025]
1584,[Sun 1745884800 Apr 29 00:00:00 2025]
1585,[Sun 1745884800 Apr 29 00:00:00 2025]
1586,[Sun 1745884800 Apr 29 00:00:00 2025]
1587,[Sun 1745884800 Apr 29 00:00:00 2025]
1588,[Sun 1745884800 Apr 29 00:00:00 2025]
1589,[Sun 1745884800 Apr 29 00:00:00 2025]
1590,[Sun 1745884800 Apr 29 00:00:00 2025]
1591,[Sun 1745884800 Apr 29 00:00:00 2025]
1592,[Sun 1745884800 Apr 29 00:00:00 2025]
1593,[Sun 1745884800 Apr 29 00:00:00 2025]
1594,[Sun 1745884800 Apr 29 00:00:00 2025]
1595,[Sun 1745884800 Apr 29 00:00:00 2025]
1596,[Sun 1745884800 Apr 29 00:00:00 2025]
1597,[Sun 1745884800 Apr 29 00:00:00 2025]
1598,[Sun 1745884800 Apr 29 00:00:00 2025]
1599,[Sun 1745884800 Apr 29 00:00:00 2025]
1600,[Sun 1745884800 Apr 29 00:00:00 2025]
1601,[Sun 1745884800 Apr 29 00:00:00 2025]
1602,[Sun 1745884800 Apr 29 00:00:00 2025]
1603,[Sun 1745884800 Apr 29 00:00:00 2025]
1604,[Sun 1745884800 Apr 29 00:00:00 2025]
1605,[Sun 1745884800 Apr 29 00:00:00 2025]
1606,[Sun 1745884800 Apr 29 00:00:00 2025]
1607,[Sun 1745884800 Apr 29 00:00:00 2025]
1608,[Sun 1745884800 Apr 29 00:00:00 2025]
1609,[Sun 1745884800 Apr 29 00:00:00 2025]
1610,[Sun 1745884800 Apr 29 00:00:00 2025]
1611,[Sun 1745884800 Apr 29 00:00:00 2025]
1612,[Sun 1745884800 Apr 29 00:00:00 2025]
1613,[Sun 1745884800 Apr 29 00:00:00 2025]
1614,[Sun 1745884800 Apr 29 00:00:00 2025]
1615,[Sun 1745884800 Apr 29 00:00:00 2025]
1616,[Sun 1745884800 Apr 29 00:00:00 2025]
1617,[Sun 1745884800 Apr 29 00:00:00 2025]
1618,[Sun 1745884800 Apr 29 00:00:00 2025]
1619,[Sun 1745884800 Apr 29 00:00:00 2025]
1620,[Sun 1745884800 Apr 29 00:00:00 2025]
1621,[Sun 1745884800 Apr 29 00:00:00 2025]
1622,[Sun 1745884800 Apr 29 00:00:00 2025]
1623,[Sun 1745884800 Apr 29 00:00:00 2025]
1624,[Sun 1745884800 Apr 29 00:00:00 2025]
1625,[Sun 1745884800 Apr 29 00:00:00 2025]
1626,[Sun 1745884800 Apr 29 00:00:00 2025]
1627,[Sun 1745884800 Apr 29 00:00:00 2025]
1628,[Sun 1745884800 Apr 29 00:00:00 2025]
1629,[Sun 1745884800 Apr 29 00:00:00 2025]
1630,[Sun 1745884800 Apr 29 00:00:00 2025]
1631,[Sun 1745884800 Apr 29 00:00:00 2025]
1632,[Sun 1745884800 Apr 29 00:00:00 2025]
1633,[Sun 1745884800 Apr 29 00:00:00 2025]
1634,[Sun 1745884800 Apr 29 00:00:00 2025]
1635,[Sun 1745884800 Apr 29 00:00:00 2025]
1636,[Sun 1745884800 Apr 29 00:00:00 2025]
1637,[Sun 1745884800 Apr 29 00:00:00 2025]
1638,[Sun 1745884800 Apr 29 00:00:00 2025]
1639,[Sun 1745884800 Apr 29 00:00:00 2025]
1640,[Sun 1745884800 Apr 29 00:00:00 2025]
1641,[Sun 1745884800 Apr 29 00:00:00 2025]
1642,[Sun 1745884800 Apr 29 00:00:00 2025]
1643,[Sun 1745884800 Apr 29 00:00:00 2025]
1644,[Sun 1745884800 Apr 29 00:00:00 2025]
1645,[Sun 1745884800 Apr 29 00:00:00 2025]
1646,[Sun 1745884800 Apr 29 00:00:00 2025]
1647,[Sun 1745884800 Apr 29 00:00:00 2025]
1648,[Sun 1745884800 Apr 29 00:00:00 2025]
1649,[Sun 1745884800 Apr 29 00:00:00 2025]
1650,[Sun 1745884800 Apr 29 00:00:00 2025]
1651,[Sun 1745884800 Apr 29 00:00:00 2025]
1652,[Sun 1745884800 Apr 29 00:00:00 2025]
1653,[Sun 1745884800 Apr 29 00:00:00 2025]
1654,[Sun 1745884800 Apr 29 00:00:00 2025]
1655,[Sun 1745884800 Apr 29 00:00:00 2025]
1656,[Sun 1745884800 Apr 29 00:00:00 2025]
1657,[Sun 1745884800 Apr 29 00:00:00 2025]
1658,[Sun 1745884800 Apr 29 00:00:00 2025]
1659,[Sun 1745884800 Apr 29 00:00:00 2025]
1660,[Sun 1745884800 Apr 29 00:00:00 2025]
1661,[Sun 1745884800 Apr 29 00:00:00 2025]
1662,[Sun 1745884800 Apr 29 00:00:00 2025]
1663,[Sun 1745884800 Apr 29 00:00:00 2025]
1664,[Sun 1745884800 Apr 29 00:00:00 2025]
1665,[Sun 1745884800 Apr 29 00:00:00 2025]
1666,[Sun 1745884800 Apr 29 00:00:00 2025]
1667,[Sun 1745884800 Apr 29 00:00:00 2025]
1668,[Sun 1745884800 Apr 29 00:00:00 2025]
1669,[Sun 1745884800 Apr 29 00:00:00 2025]
1670,[Sun 1745884800 Apr 29 00:00:00 2025]
1671,[Sun 1745884800 Apr 29 00:00:00 2025]
1672,[Sun 1745884800 Apr 29 00:00:00 2025]
1673,[Sun 1745884800 Apr 29 00:00:00 2025]
1674,[Sun 1745884800 Apr 29 00:00:00 2025]
1675,[Sun 1745884800 Apr 29 00:00:00 2025]
1676,[Sun 1745884800 Apr 29 00:00:00 2025]
1677,[Sun 1745884800 Apr 29 00:00:00 2025]
1678,[Sun 1745884800 Apr 29 00:00:00 2025]
1679,[Sun 1745884800 Apr 29 00:00:00 2025]
1680,[Sun 1745884800 Apr 29 00:00:00 2025]
1681,[Sun 1745884800 Apr 29 00:00:00 2025]
1682,[Sun 1745884800 Apr 29 00:00:00 2025]
1683,[Sun 1745884800 Apr 29 00:00:00 2025]
1684,[Sun 1745884800 Apr 29 00:00:00 2025]
1685,[Sun 1745884800 Apr 29 00:00:00 2025]
1686,[Sun 1745884800 Apr 29 00:00:00 2025]
1687,[Sun 1745884800 Apr 29 00:00:00 2025]
1688,[Sun 1745884800 Apr 29 00:00:00 2025]
1689,[Sun 1745884800 Apr 29 00:00:00 2025]
1690,[Sun 1745884800 Apr 29 00:00:00 2025]
1691,[Sun 1745884800 Apr 29 00:00:00 2025]
1692,[Sun 1745884800 Apr 29 00:00:00 2025]
1693,[Sun 1745884800 Apr 29 00:00:00 2025]
1694,[Sun 1745884800 Apr 29 00:00:00 2025]
1695,[Sun 1745884800 Apr 29 00:00:00 2025]
1696,[Sun 1745884800 Apr 29 00:00:00 2025]
1697,[Sun 1745884800 Apr 29 00:00:00 2025]
1698,[Sun 1745884800 Apr 29 00:00:00 2025]
1699,[Sun 1745884800 Apr 29 00:00:00 2025]
1700,[Sun 1745884800 Apr 29 00:00:00 2025]
1701,[Sun 1745884800 Apr 29 00:00:00 2025]
1702,[Sun 1745884800 Apr 29 00:00:00 2025]
1703,[Sun 1745884800 Apr 29 00:00:00 2025]
1704,[Sun 1745884800 Apr 29 00:00:00 2025]
1705,[Sun 1745884800 Apr 29 00:00:00 2025]
1706,[Sun 1745884800 Apr 29 00:00:00 2025]
1707,[Sun 1745884800 Apr 29 00:00:00 2025]
1708,[Sun 1745884800 Apr 29 00:00:00 2025]
1709,[Sun 1745884800 Apr 29 00:00:00 2025]
1710,[Sun 1745884800 Apr 29 00:00:00 2025]
1711,[Sun 1745884800 Apr 29 00:00:00 2025]
1712,[Sun 1745884800 Apr 29 00:00:00 2025]
1713,[Sun 1745884800 Apr 29 00:00:00 2025]
1714,[Sun 1745884800 Apr 29 00:00:00 2025]
1715,[Sun 1745884800 Apr 29 00:00:00 2025]
1716,[Sun 1745884800 Apr 29 00:00:00 2025]
1717,[Sun 1745884800 Apr 29 00:00:00 2025]
1718,[Sun 1745884800 Apr 29 00:00:00 2025]
1719,[Sun 1745884800 Apr 29 00:00:00 2025]
1720,[Sun 1745884800 Apr 29 00:00:00 2025]
1721,[Sun 1745884800 Apr 29 00:00:00 2025]
1722,[Sun 1745884800 Apr 29 00:00:00 2025]
1723,[Sun 1745884800 Apr 29 00:00:00 2025]
1724,[Sun 1745884800 Apr 29 00:00:00 2025]
1725,[Sun 1745884800 Apr 29 00:00:00 2025]
1726,[Sun 1745884800 Apr 29 00:00:00 2025]
1727,[Sun 1745884800 Apr 29 00:00:00 2025]
1728,[Sun 1745884800 Apr 29 00:00:00 2025]
1729,[Sun 1745884800 Apr 29 00:00:00 2025]
1730,[Sun 1745884800 Apr 29 00:00:00 2025]
1731,[Sun 1745884800 Apr 29 00:00:00 2025]
1732,[Sun 1745884800 Apr 29 00:00:00 2025]
1733,[Sun 1745884800 Apr 29 00:00:00 2025]
1734,[Sun 1745884800 Apr 29 00:00:00 2025]
1735,[Sun 1745884800 Apr 29 00:00:00 2025]
1736,[Sun 1745884800 Apr 29 00:00:00 2025]
1737,[Sun 1745884800 Apr 29 00:00:00 2025]
1738,[Sun 1745884800 Apr 29 00:00:00 2025]
1739,[Sun 1745884800 Apr 29 00:00:00 2025]
1740,[Sun 1745884800 Apr 29 00:00:00 2025]
1741,[Sun 1745884800 Apr 29 00:00:00 2025]
1742,[Sun 1745884800 Apr 29 00:00:00 2025]
1743,[Sun 1745884800 Apr 29 00:00:00 2025]
1744,[Sun 1745884800 Apr 29 00:00:00 2025]
1745,[Sun 1745884800 Apr 29 00:00:00 2025]
1746,[Sun 1745884800 Apr 29 00:00:00 2025]
1747,[Sun 1745884800 Apr 29 00:00:00 2025]
1748,[Sun 1745884800 Apr 29 00:00:00 2025]
1749,[Sun 1745884800 Apr 29 00:00:00 2025]
1750,[Sun 1745884800 Apr 29 00:00:00 2025]
1751,[Sun 1745884800 Apr 29 00:00:00 2025]
1752,[Sun 1745884800 Apr 29 00:00:00 2025]
1753,[Sun 1745884800 Apr 29 00:00:00 2025]
1754,[Sun 1745884800 Apr 29 00:00:00 2025]
1755,[Sun 1745884800 Apr 29 00:00:00 2025]
1756,[Sun 1745884800 Apr 29 00:00:00 2025]
1757,[Sun 1745884800 Apr 29 00:00:00 2025]
1758,[Sun 1745884800 Apr 29 00:00:00 2025]
1759,[Sun 1745884800 Apr 29 00:00:00 2025]
1760,[Sun 1745884800 Apr 29 00:00:00 2025]
1761,[Sun 1745884800 Apr 29 00:00:00 2025]
1762,[Sun 1745884800 Apr 29 00:00:00 2025]
1763,[Sun 1745884800 Apr 29 00:00:00 2025]
1764,[Sun 1745884800 Apr 29 00:00:00 2025]
1765,[Sun 1745884800 Apr 29 00:00:00 2025]
1766,[Sun 1745884800 Apr 29 00:00:00 2025]
1767,[Sun 1745884800 Apr 29 00:00:00 2025]
1768,[Sun 1745884800 Apr 29 00:00:00 2025]
1769,[Sun 1745884800 Apr 29 00:00:00 2025]
1770,[Sun 1745884800 Apr 29 00:00:00 2025]
1771,[Sun 1745884800 Apr 29 00:00:00 2025]
1772,[Sun 1745884800 Apr 29 00:00:00 2025]
1773,[Sun 1745884800 Apr 29 00:00:00 2025]
1774,[Sun 1745884800 Apr 29 00:00:00 2025]
1775,[Sun 1745884800 Apr 29 00:00:00 2025]
1776,[Sun 1745884800 Apr 29 00:00:00 2025]
1777,[Sun 1745884800 Apr 29 00:00:00 2025]
1778,[Sun 1745884800 Apr 29 00:00:00 2025]
1779,[Sun 1745884800 Apr 29 00:00:00 2025]
1780,[Sun 1745884800 Apr 29 00:00:00 2025]
1781,[Sun 1745884800 Apr 29 00:00:00 2025]
1782,[Sun 1745884800 Apr 29 00:00:00 2025]
1783,[Sun 1745884800 Apr 29 00:00:00 2025]
1784,[Sun 1745884800 Apr 29 00:00:00 2025]
1785,[Sun 1745884800 Apr 29 00:00:00 2025]
1786,[Sun 1745884800 Apr 29 00:00:00 2025]
1787,[Sun 1745884800 Apr 29 00:00:00 2025]
1788,[Sun 1745884800 Apr 29 00:00:00 2025]
1789,[Sun 1745884800 Apr 29 00:00:00 2025]
1790,[Sun 1745884800 Apr 29 00:00:00 2025]
1791,[Sun 1745884800 Apr 29 00:00:00 2025]
1792,[Sun 1745884800 Apr 29 00:00:00 2025]
1793,[Sun 1745884800 Apr 29 00:00:00 2025]
1794,[Sun 1745884800 Apr 29 00:00:00 2025]
1795,[Sun 1745884800 Apr 29 00:00:00 2025]
1796,[Sun 1745884800 Apr 29 00:00:00 2025]
1797,[Sun 1745884800 Apr 29 00:00:00 2025]
1798,[Sun 1745884800 Apr 29 00:00:00 2025]
1799,[Sun 1745884800 Apr 29 00:00:00 2025]
1800,[Sun 1745884800 Apr 29 00:00:00 2025]
1801,[Sun 1745884800 Apr 29 00:00:00 2025]
1802,[Sun 1745884800 Apr 29 00:00:00 2025]
1803,[Sun 1745884800 Apr 29 00:00:00 2025]
1804,[Sun 1745884800 Apr 29 00:00:00 2025]
1805,[Sun 1745884800 Apr 29 00:00:00 2025]
1806,[Sun 1745884800 Apr 29 00:00:00 2025]
1807,[Sun 1745884800 Apr 29 00:00:00 2025]
1808,[Sun 1745884800 Apr 29 00:00:00 2025]
1809,[Sun 1745884800 Apr 29 00:00:00 2025]
1810,[Sun 1745884800 Apr 29 00:00:00 2025]
1811,[Sun 1745884800 Apr 29 00:00:00 2025]
1812,[Sun 1745884800 Apr 29 00:00:00 2025]
1813,[Sun 1745884800 Apr 29 00:00:00 2025]
1814,[Sun 1745884800 Apr 29 00:00:00 2025]
1815,[Sun 1745884800 Apr 29 00:00:00 2025]
1816,[Sun 1745884800 Apr 29 00:00:00 2025]
1817,[Sun 1745884800 Apr 29 00:00:00 2025]
1818,[Sun 1745884800 Apr 29 00:00:00 2025]
1819,[Sun 1745884800 Apr 29 00:00:00 2025]
1820,[Sun 1745884800 Apr 29 00:00:00 2025]
1821,[Sun 1745884800 Apr 29 00:00:00 2025]
1822,[Sun 1745884800 Apr 29 00:00:00 2025]
1823,[Sun 1745884800 Apr 29 00:00:00 2025]
1824,[Sun 1745884800 Apr 29 00:00:00 2025]
1825,[Sun 1745884800 Apr 29 00:00:00 2025]
1826,[Sun 1745884800 Apr 29 00:00:00 2025]
1827,[Sun 1745884800 Apr 29 00:00:00 2025]
1828,[Sun 1745884800 Apr 29 00:00:00 2025]
1829,[Sun 1745884800 Apr 29 00:00:00 2025]
1830,[Sun 1745884800 Apr 29 00:00:00 2025]
1831,[Sun 1745884800 Apr 29 00:00:00 2025]
1832,[Sun 1745884800 Apr 29 00:00:00 2025]
1833,[Sun 1745884800 Apr 29 00:00:00 2025]
1834,[Sun 1745884800 Apr 29 00:00:00 2025]
1835,[Sun 1745884800 Apr 29 00:00:00 2025]
1836,[Sun 1745884800 Apr 29 00:00:00 2025]
1837,[Sun 1745884800 Apr 29 00:00:00 2025]
1838,[Sun 1745884800 Apr 29 00:00:00 2025]
1839,[Sun 1745884800 Apr 29 00:00:00 2025]
1840,[Sun 1745884800 Apr 29 00:00:00 2025]
1841,[Sun 1745884800 Apr 29 00:00:00 2025]
1842,[Sun 1745884800 Apr 29 00:00:00 2025]
1843,[Sun 1745884800 Apr 29 00:00:00 2025]
1844,[Sun 1745884800 Apr 29 00:00:00 2025]
1845,[Sun 1745884800 Apr 29 00:00:00 2025]
1846,[Sun 1745884800 Apr 29 00:00:00 2025]
1847,[Sun 1745884800 Apr 29 00:00:00 2025]
1848,[Sun 1745884800 Apr 29 00:00:00 2025]
1849,[Sun 1745884800 Apr 29 00:00:00 2025]
1850,[Sun 1745884800 Apr 29 00:00:00 2025]
1851,[Sun 1745884800 Apr 29 00:00:00 2025]
1852,[Sun 1745884800 Apr 29 00:00:00 2025]
1853,[Sun 1745884800 Apr 29 00:00:00 2025]
1854,[Sun 1745884800 Apr 29 00:00:00 2025]
1855,[Sun 1745884800 Apr 29 00:00:00 2025]
1856,[Sun 1745884800 Apr 29 00:00:00 2025]
1857,[Sun 1745884800 Apr 29 00:00:00 2025]
1858,[Sun 1745884800 Apr 29 00:00:00 2025]
1859,[Sun 1745884800 Apr 29 00:00:00 2025]
1860,[Sun 1745884800 Apr 29 00:00:00 2025]
1861,[Sun 1745884800 Apr 29 00:00:00 2025]
1862,[Sun 1745884800 Apr 29 00:00:00 2025]
1863,[Sun 1745884800 Apr 29 00:00:00 2025]
1864,[Sun 1745884800 Apr 29 00:00:00 2025]
1865,[Sun 1745884800 Apr 29 00:00:00 2025]
1866,[Sun 1745884800 Apr 29 00:00:00 2025]
1867,[Sun 1745884800 Apr 29 00:00:00 2025]
1868,[Sun 1745884800 Apr 29 00:00:00 2025]
1869,[Sun 1745884800 Apr 29 00:00:00 2025]
1870,[Sun 1745884800 Apr 29 00:00:00 2025]
1871,[Sun 1745884800 Apr 29 00:00:00 2025]
1872,[Sun 1745884800 Apr 29 00:00:00 2025]
1873,[Sun 1745884800 Apr 29 00:00:00 2025]
1874,[Sun 1745884800 Apr 29 00:00:00 2025]
1875,[Sun 1745884800 Apr 29 00:00:00 2025]
1876,[Sun 1745884800 Apr 29 00:00:00 2025]
1877,[Sun 1745884800 Apr 29 00:00:00 2025]
1878,[Sun 1745884800 Apr 29 00:00:00 2025]
1879,[Sun 1745884800 Apr 29 00:00:00 2025]
1880,[Sun 1745884800 Apr 29 00:00:00 2025]
1881,[Sun 1745884800 Apr 29 00:00:00 2025]
1882,[Sun 1745884800 Apr 29 00:00:00 2025]
1883,[Sun 1745884800 Apr 29 00:00:00 2025]
1884,[Sun 1745884800 Apr 29 00:00:00 2025]
1885,[Sun 1745884800 Apr 29 00:00:00 2025]
1886,[Sun 1745884800 Apr 29 00:00:00 2025]
1887,[Sun 1745884800 Apr 29 00:00:00 2025]
1888,[Sun 1745884800 Apr 29 00:00:00 2025]
1889,[Sun 1745884800 Apr 29 00:00:00 2025]
1890,[Sun 1745884800 Apr 29 00:00:00 2025]
1891,[Sun 1745884800 Apr 29 00:00:00 2025]
1892,[Sun 1745884800 Apr 29 00:00:00 2025]
1893,[Sun 1745884800 Apr 29 00:00:00 2025]
1894,[Sun 1745884800 Apr 29 00:00:00 2025]
1895,[Sun 1745884800 Apr 29 00:00:00 2025]
1896,[Sun 1745884800 Apr 29 00:00:00 2025]
1897,[Sun 1745884800 Apr 29 00:00:00 2025]
1898,[Sun 1745884800 Apr 29 00:00:00 2025]
1899,[Sun 1745884800 Apr 29 00:00:00 2025]
1900,[Sun 1745884800 Apr 29 00:00:00 2025]
1901,[Sun 1745884800 Apr 29 00:00:00 2025]
1902,[Sun 1745884800 Apr 29 00:00:00 2025]
1903,[Sun 1745884800 Apr 29 00:00:00 2025]
1904,[Sun 1745884800 Apr 29 00:00:00 2025]
1905,[Sun 1745884800 Apr 29 00:00:00 2025]
1906,[Sun 1745884800 Apr 29 00:00:00 2025]
1907,[Sun 1745884800 Apr 29 00:00:00 2025]
1908,[Sun 1745884800 Apr 29 00:00:00 2025]
1909,[Sun 1745884800 Apr 29 00:00:00 2025]
1910,[Sun 1745884800 Apr 29 00:00:00 2025]
1911,[Sun 1745884800 Apr 29 00:00:00 2025]
1912,[Sun 1745884800 Apr 29 00:00:00 2025]
1913,[Sun 1745884800 Apr 29 00:00:00 2025]
1914,[Sun 1745884800 Apr 29 00:00:00 2025]
1915,[Sun 1745884800 Apr 29 00:00:00 2025]
1916,[Sun 1745884800 Apr 29 00:00:00 2025]
1917,[Sun 1745884800 Apr 29 00:00:00 2025]
1918,[Sun 1745884800 Apr 29 00:00:00 2025]
1919,[Sun 1745884800 Apr 29 00:00:00 2025]
1920,[Sun 1745884800 Apr 29 00:00:00 2025]
1921,[Sun 1745884800 Apr 29 00:00:00 2025]
1922,[Sun 1745884800 Apr 29 00:00:00 2025]
1923,[Sun 1745884800 Apr 29 00:00:00 2025]
1924,[Sun 1745884800 Apr 29 00:00:00 2025]
1925,[Sun 1745884800 Apr 29 00:00:00 2025]
1926,[Sun 1745884800 Apr 29 00:00:00 2025]
1927,[Sun 1745884800 Apr 29 00:00:00 2025]
1928,[Sun 1745884800 Apr 29 00:00:00 2025]
1929,[Sun 1745884800 Apr 29 00:00:00 2025]
1930,[Sun 1745884800 Apr 29 00:00:00 2025]
1931,[Sun 1745884800 Apr 29 00:00:00 2025]
1932,[Sun 1745884800 Apr 29 00:00:00 2025]
1933,[Sun 1745884800 Apr 29 00:00:00 2025]
1934,[Sun 1745884800 Apr 29 00:00:00 2025]
1935,[Sun 1745884800 Apr 29 00:00:00 2025]
1936,[Sun 1745884800 Apr 29 00:00:00 2025]
1937,[Sun 1745884800 Apr 29 00:00:00 2025]
1938,[Sun 1745884800 Apr 29 00:00:00 2025]
1939,[Sun 1745884800 Apr 29 00:00:00 2025]
1940,[Sun 1745884800 Apr 29 00:00:00 2025]
1941,[Sun 1745884800 Apr 29 00:00:00 2025]
1942,[Sun 1745884800 Apr 29 00:00:00 2025]
1943,[Sun 1745884800 Apr 29 00:00:00 2025]
1944,[Sun 1745884800 Apr 29 00:00:00 2025]
1945,[Sun 1745884800 Apr 29 00:00:00 2025]
1946,[Sun 1745884800 Apr 29 00:00:00 2025]
1947,[Sun 1745884800 Apr 29 00:00:00 2025]
1948,[Sun 1745884800 Apr 29 00:00:00 2025]
1949,[Sun 1745884800 Apr 29 00:00:00 2025]
1950,[Sun 1745884800 Apr 29 00:00:00 2025]
1951,[Sun 1745884800 Apr 29 00:00:00 2025]
1952,[Sun 1745884800 Apr 29 00:00:00 2025]
1953,[Sun 1745884800 Apr 29 00:00:00 2025]
1954,[Sun 1745884800 Apr 29 00:00:00 2025]
1955,[Sun 1745884800 Apr 29 00:00:00 2025]
1956,[Sun 1745884800 Apr 29 00:00:00 2025]
1957,[Sun 1745884800 Apr 29 00:00:00 2025]
1958,[Sun 1745884800 Apr 29 00:00:00 2025]
1959,[Sun 1745884800 Apr 29 00:00:00 2025]
1960,[Sun 1745884800 Apr 29 00:00:00 2025]
1961,[Sun 1745884800 Apr 29 00:00:00 2025]
1962,[Sun 1745884800 Apr 29 00:00:00 2025]
1963,[Sun 1745884800 Apr 29 00:00:00 2025]
1964,[Sun 1745884800 Apr 29 00:00:00 2025]
1965,[Sun 1745884800 Apr 29 00:00:00 2025]
1966,[Sun 1745884800 Apr 29 00:00:00 2025]
1967,[Sun 1745884800 Apr 29 00:00:00 2025]
1968,[Sun 1745884800 Apr 29 00:00:00 2025]
1969,[Sun 1745884800 Apr 29 00:00:00 2025]
1970,[Sun 1745884800 Apr 29 00:00:00 2025]
1971,[Sun 1745884800 Apr 29 00:00:00 2025]
1972,[Sun 1745884800 Apr 29 00:00:00 2025]
1973,[Sun 1745884800 Apr 29 00:00:00 2025]
1974,[Sun 1745884800 Apr 29 00:00:00 2025]
1975,[Sun 1745884800 Apr 29 00:00:00 2025]
1976,[Sun 1745884800 Apr 29 00:00:00 2025]
1977,[Sun 1745884800 Apr 29 00:00:00 2025]
1978,[Sun 1745884800 Apr 29 00:00:00 2025]
1979,[Sun 1745884800 Apr 29 00:00:00 2025]
1980,[Sun 1745884800 Apr 29 00:00:00 2025]
1981,[Sun 1745884800 Apr 29 00:00:00 2025]
1982,[Sun 1745884800 Apr 29 00:00:00 2025]
1983,[Sun 1745884800 Apr 29 00:00:00 2025]
1984,[Sun 1745884800 Apr 29 00:00:00 2025]
1985,[Sun 1745884800 Apr 29 00:00:00 2025]
1986,[Sun 1745884800 Apr 29 00:00:00 2025]
1987,[Sun 1745884800 Apr 29 00:00:00 2025]
1988,[Sun 1745884800 Apr 29 00:00:00 2025]
1989,[Sun 1745884800 Apr 29 00:00:00 2025]
1990,[Sun 1745884800 Apr 29 00:00:00 2025]
1991,[Sun 1745884800 Apr 29 00:00:00 2025]
1992,[Sun 1745884800 Apr 29 00:00:00 2025]
1993,[Sun 1745884800 Apr 29 00:00:00 2025]
1994,[Sun 1745884800 Apr 29 00:00:00 2025]
1995,[Sun 1745884800 Apr 29 00:00:00 2025]
1996,[Sun 1745884800 Apr 29 00:00:00 2025]
1997,[Sun 1745884800 Apr 29 00:00:00 2025]
1998,[Sun 1745884800 Apr 29 00:00:00 2025]
1999,[Sun 1745884800 Apr 29 00:00:00 2025]
2000,[Sun 1745884800 Apr 29 00:00:00 2025]
